,,,Per 36 Minutes,Per 36 Minutes,Per 36 Minutes,Per 36 Minutes,Per 36 Minutes,Per 36 Minutes,Per 36 Minutes,Per 36 Minutes,Per 36 Minutes,Per 36 Minutes,Per 36 Minutes,Per 36 Minutes,Per 36 Minutes,Per 36 Minutes,Shooting,Shooting,Shooting,#NAME?
Rk,Player,Type,FG,FGA,3P,3PA,FT,FTA,ORB,TRB,AST,STL,BLK,TOV,PF,PTS,FG%,3P%,FT%,-9999
1,Precious Achiuwa,Projected,5.3,10.6,0.6,2,1.6,2.5,3.4,10,2,1.2,1.3,1.6,2.8,12.8,0.501,0.292,0.637,achiupr01
2,Steven Adams,Projected,4.5,8.5,0.3,0.9,1.9,4.1,6.5,13.6,3.1,1,1.2,2.4,2.8,11.3,0.532,0.328,0.479,adamsst01
3,Bam Adebayo,Projected,7.5,15,0.8,2.2,3.7,4.8,2.4,10.1,4.3,1.3,0.8,2.3,2.3,19.5,0.5,0.356,0.767,adebaba01
4,Ochai Agbaji,Projected,5.1,10.8,1.9,5.2,0.9,1.3,1.4,5,2.1,1.1,0.7,1.2,2.6,13.1,0.475,0.373,0.722,agbajoc01
5,Santi Aldama,Projected,6.3,13.3,2.5,6.7,1.5,2.2,1.9,8.5,3.6,1.1,0.8,1.5,1.9,16.7,0.475,0.367,0.696,aldamsa01
6,Trey Alexander,Projected,5.4,13,1.6,5.4,1.9,2.4,1.1,5.5,3.8,1,0.6,1.8,2.8,14.4,0.419,0.298,0.783,alexatr01
7,Nickeil Alexander-Walker,Projected,4.7,10.7,2.4,6.3,1.5,1.9,0.9,4.3,3.9,1,0.7,1.7,2.5,13.4,0.443,0.385,0.778,alexani01
8,Grayson Allen,Projected,5,10.8,3.1,7.2,2,2.4,0.8,4.5,3.2,1.1,0.5,1.6,2.3,15.1,0.464,0.431,0.84,allengr01
9,Jarrett Allen,Projected,7.2,10.8,0.1,0.3,3.2,4.3,3.4,12,2.7,1.1,1.2,1.6,2.1,17.6,0.666,0.267,0.731,allenja01
10,Jose Alvarado,Projected,5.4,13.3,2.8,7.6,1.6,2,0.8,4.1,5.9,1.9,0.4,2,2.7,15.1,0.405,0.363,0.782,alvarjo01
11,Kyle Anderson,Projected,4.7,10,0.7,2.1,1.9,2.6,1.5,6.5,5.8,1.4,1.1,1.7,2.8,11.9,0.467,0.339,0.727,anderky01
12,Giannis Antetokounmpo,Projected,11.9,20.1,0.4,1.6,6.9,10.9,2.4,12,6.6,1,1.1,3.4,2.7,31.2,0.593,0.266,0.632,antetgi01
13,Cole Anthony,Projected,6.7,15.2,2.1,5.8,3.1,3.8,1.3,6.2,5.2,1.3,0.8,2.6,3.8,18.6,0.439,0.355,0.833,anthoco01
14,OG Anunoby,Projected,6.4,13.3,2.2,5.9,2.2,2.7,1.3,4.8,2.3,1.5,0.8,1.5,2.4,17.2,0.478,0.375,0.803,anunoog01
15,Deni Avdija,Projected,6.5,13.3,1.8,5,4.1,5.3,1.7,8.7,4.6,1.1,0.6,2.9,2.9,18.9,0.488,0.368,0.772,avdijde01
16,Deandre Ayton,Projected,8.3,14.5,0.2,0.9,1.5,2,3.4,11.8,2,1,1,2,2.6,18.3,0.567,0.253,0.743,aytonde01
17,Marcus Bagley,Projected,4.9,11.2,1.2,4.9,1.7,2.2,2.7,8.8,2.5,1.3,1.3,1.4,2.4,12.7,0.435,0.253,0.793,baglema02
18,Marvin Bagley III,Projected,7.7,14,0.6,2.1,3.1,4.2,4.1,10.2,2,0.9,1.1,1.9,2.7,19.1,0.549,0.3,0.737,baglema01
19,Patrick Baldwin Jr.,Projected,5.6,12.4,2.8,7.1,1.6,2.2,1.4,8.1,2.5,1.2,0.9,1.6,3.2,15.5,0.451,0.398,0.713,baldwpa01
20,LaMelo Ball,Projected,9.4,22.4,4,11.5,4.4,5.1,1.2,5.8,8.2,1.4,0.3,3.8,3.6,27.2,0.42,0.353,0.847,ballla01
21,Lonzo Ball,Projected,4.5,11.6,2.9,8.4,1.3,1.6,1.2,5.7,5.1,2,0.8,1.9,2.6,13.2,0.387,0.346,0.802,balllo01
22,Mo Bamba,Projected,5,10.4,1.5,4.4,1.8,2.6,2.9,11.1,2.2,0.9,2.4,1.8,4.6,13.3,0.478,0.34,0.707,bambamo01
23,Paolo Banchero,Projected,8.7,18.8,1.8,5.2,5.8,7.9,1.2,7.6,5.1,0.9,0.6,3,2.1,24.9,0.461,0.335,0.737,banchpa01
24,Desmond Bane,Projected,8.3,17.2,2.9,7.3,3.1,3.5,1,6.3,5.8,1.2,0.5,2.7,2.8,22.4,0.48,0.391,0.882,banede01
25,Dalano Banton,Projected,6.6,16.3,2.2,6.9,3,4,1.2,5.1,4.8,1.3,1,2.6,2.1,18.4,0.405,0.322,0.751,bantoda01
26,Dominick Barlow,Projected,5.6,10.8,0.8,2.5,2.3,3.2,3.3,8.5,2.7,1,1.3,0.9,4,14.3,0.52,0.317,0.696,barlodo01
27,Harrison Barnes,Projected,5.4,11.1,2.3,5.7,2.7,3.4,1.4,4.6,2,0.7,0.2,0.9,1.4,15.9,0.487,0.406,0.81,barneha02
28,Scottie Barnes,Projected,7.7,16.7,1.4,4.6,3.6,4.6,2.1,8.3,6.2,1.4,1.2,2.8,2,20.5,0.463,0.305,0.77,barnesc01
29,RJ Barrett,Projected,8.6,17.9,2,5.6,3.9,5.8,1.1,6.7,5,0.8,0.4,2.8,2.6,23,0.478,0.353,0.676,barrerj01
30,Charles Bassey,Projected,6.3,10.9,0.5,1.3,1.9,2.8,4.4,12.6,2.7,1.3,2.4,2.3,4.4,15,0.575,0.362,0.686,bassech01
31,Emoni Bates,Projected,5.9,14.4,3,8.3,1.5,2,1,5.3,3.8,0.8,0.7,1.8,2.2,16.3,0.41,0.362,0.729,batesem01
32,Jamison Battle,Projected,5.4,12.1,3.5,8.5,0.8,1,1.4,5.7,2.2,0.7,0.4,1.1,3.1,15.1,0.443,0.409,0.844,battlja01
33,Nicolas Batum,Projected,3,6.9,2.1,5.2,0.6,0.8,1.4,5.8,2.6,1.2,0.9,1,2.9,8.6,0.434,0.404,0.766,batumni01
34,Damion Baugh,Projected,4.8,12.8,1.5,5.5,1.7,2,1.5,5.5,5,1.4,0.4,2.7,2.3,12.7,0.375,0.265,0.826,baughda01
35,Bradley Beal,Projected,7.5,15.1,2.1,5.3,2.5,3,0.9,4.2,4.6,1.1,0.6,2.4,2.8,19.5,0.497,0.391,0.808,bealbr01
36,Malik Beasley,Projected,6.4,15,4.3,10.6,1.2,1.7,0.7,4,2.1,1.1,0.1,1.2,2.1,18.4,0.43,0.408,0.695,beaslma01
37,MarJon Beauchamp,Projected,5.5,12.1,2,5.5,2,2.7,1.7,7,2.5,0.9,0.4,2.2,3.2,15.1,0.456,0.369,0.744,beaucma01
38,Reece Beekman,Projected,3.7,9.5,0.9,3.7,1.6,2.1,1.2,4,4.7,2.2,0.3,1.7,2.7,9.9,0.386,0.254,0.774,beekmre01
39,Goga Bitadze,Projected,5.2,8.8,0.2,1.1,2.2,3.3,4,11.1,3.4,1.2,2.4,1.8,3.8,12.9,0.594,0.223,0.654,bitadgo01
40,Bismack Biyombo,Projected,4.4,8,0.3,0.7,1.1,2.3,2.8,9.7,2.5,0.9,1.7,1.9,3.8,10.2,0.55,0.36,0.489,biyombi01
41,Anthony Black,Projected,4.9,11,1.3,3.6,2.6,3.5,1.1,4.6,4.3,1.5,0.9,2.4,3.1,13.6,0.444,0.347,0.748,blackan01
42,Bogdan Bogdanović,Projected,6.2,14.6,3.1,8.4,1.9,2.1,0.7,4.2,3.8,1.2,0.4,1.8,3,17.5,0.426,0.367,0.886,bogdabo01
43,Bol Bol,Projected,7.1,13.1,1.9,5.3,1.8,2.3,1.8,8.9,2,0.8,1.8,1.9,2.3,17.8,0.542,0.354,0.775,bolbo01
44,Adem Bona,Projected,5.6,8.6,0.3,0.9,2.7,3.9,3.4,9.5,1.6,1.1,2.5,2.3,4.5,14.3,0.657,0.356,0.695,bonaad01
45,Devin Booker,Projected,8.7,18.5,2.3,6.7,5.6,6.3,1,4.2,6.7,0.9,0.3,2.8,2.7,25.3,0.471,0.341,0.886,bookede01
46,Brandon Boston Jr.,Projected,6.3,14.2,1.8,5.1,2.5,3.2,1.2,5.2,3.2,1.7,0.4,2,2.8,16.9,0.442,0.349,0.779,bostobr01
47,Chris Boucher,Projected,6.7,13.8,2.3,6.6,3,3.9,2.9,9.3,1.5,1,1.1,1.3,3.1,18.8,0.488,0.349,0.772,bouchch01
48,Jamaree Bouyea,Projected,5.2,11.2,1.4,4.4,2,2.7,1.3,5.8,4.3,1.3,0.7,2.8,2.6,13.7,0.46,0.31,0.748,bouyeja01
49,Tony Bradley,Projected,7.4,13.7,1.4,3.7,1.8,2.7,3.3,9.4,3.1,1,1.6,1.9,3.1,18,0.541,0.364,0.662,bradlto01
50,Malaki Branham,Projected,6.6,14.5,2.3,6.2,1.7,2,0.7,4.1,3.5,0.8,0.2,2.2,2.3,17.2,0.456,0.37,0.838,branhma01
51,Christian Braun,Projected,6.1,10.9,1.3,3.2,2.3,2.9,1.4,5.9,2.8,1.1,0.6,1.1,2.5,15.7,0.554,0.397,0.794,braunch01
52,Jalen Bridges,Projected,5.7,12.5,2.1,6,2.7,3.5,1.4,6.4,3.4,1.1,0.6,2.5,2.3,16.3,0.457,0.351,0.779,bridgja01
53,Mikal Bridges,Projected,7,14.8,2.2,6,2,2.5,0.9,3.8,3.6,1,0.5,1.7,1.6,18.3,0.475,0.362,0.826,bridgmi01
54,Miles Bridges,Projected,8.1,18.1,2.4,7.2,3.3,3.9,1.2,7.9,4,0.8,0.7,2.2,1.7,21.8,0.445,0.329,0.855,bridgmi02
55,Oshae Brissett,Projected,4.6,10.3,1.4,4.3,2.8,4.3,2.5,7.6,2.3,1.1,0.6,1.5,3,13.4,0.448,0.319,0.658,brissos01
56,Malcolm Brogdon,Projected,6.8,15.3,2,5.2,3.8,4.4,1.1,5.5,6,0.9,0.3,2.2,2.1,19.3,0.443,0.378,0.85,brogdma01
57,Dillon Brooks,Projected,5.7,13.4,2.5,6.7,1.7,2.1,1,4.2,2.1,1,0.2,1.3,3.7,15.7,0.425,0.377,0.819,brookdi01
58,Keion Brooks Jr.,Projected,6,12.3,1.7,5,2.5,3.3,1.4,6.5,2.3,1.1,1,1.6,3.1,16.1,0.485,0.344,0.753,brookke02
59,Bruce Brown,Projected,5.3,11.8,1.2,3.5,2.1,2.6,1.3,5.8,3.6,1.2,0.5,1.7,2.8,14,0.455,0.337,0.807,brownbr01
60,Jaylen Brown,Projected,9,18.8,2.1,6.2,3.8,5,1.3,6.2,4.3,1.2,0.4,2.7,2.7,23.8,0.477,0.335,0.747,brownja02
61,Kobe Brown,Projected,4.6,10.1,1.3,4.2,1,1.3,2.1,7.2,3.1,1.1,0.6,1.5,3.4,11.4,0.454,0.297,0.752,brownko01
62,Moses Brown,Projected,7.5,13.2,0.8,2.1,2.5,4.5,4,11.7,2,1.2,1.1,2.4,4.1,18.2,0.568,0.366,0.56,brownmo01
63,Jalen Brunson,Projected,9.4,19.5,2.5,6.3,5.5,6.6,0.5,3.4,7,0.9,0.2,2.5,2.1,26.7,0.483,0.39,0.829,brunsja01
64,Thomas Bryant,Projected,6.4,12.2,1.5,4.6,2.4,2.9,2.9,9.6,2.1,1,1.4,1.3,3,16.8,0.527,0.327,0.832,bryanth01
65,Kobe Bufkin,Projected,6.1,14.3,1.7,5.9,2.5,3.5,1.5,6.4,4.6,1.1,0.8,2,2.9,16.3,0.426,0.285,0.732,bufkiko01
66,Alec Burks,Projected,5.5,13.7,3.4,8.7,2.9,3.5,0.7,5,2.7,1,0.3,1.4,2.1,17.3,0.401,0.396,0.822,burksal01
67,Jared Butler,Projected,6.9,14.8,2,5.6,2.5,3,0.9,4.1,7.3,1.5,0.5,2.7,3.3,18.2,0.463,0.355,0.829,butleja02
68,Jimmy Butler,Projected,6.5,13.2,0.8,2.4,6.6,7.9,2.2,5.9,5.6,1.5,0.4,1.7,1.2,20.6,0.497,0.346,0.843,butleji01
69,Matas Buzelis,Projected,6.2,13.2,2.3,6.2,2.2,2.7,1.4,6.8,2.1,0.8,1.7,1.7,2.9,16.9,0.469,0.374,0.819,buzelma01
70,Jamal Cain,Projected,5.2,11.6,1.8,5.3,2.5,3.5,1.9,6.2,2,1.5,0.7,1.6,3.1,14.7,0.449,0.341,0.722,cainja01
71,Kentavious Caldwell-Pope,Projected,4,8.9,1.8,5,1.4,1.7,0.5,2.9,2.4,1.5,0.6,1.1,2.2,11.2,0.446,0.364,0.859,caldwke01
72,Toumani Camara,Projected,4.6,10,1.8,4.7,1.4,1.9,2.5,6.6,2.4,1.6,0.7,1.6,3.3,12.4,0.463,0.373,0.742,camarto01
73,Vlatko Čančar,Projected,4.5,10,1.6,4.7,1.5,1.8,1.4,6.7,3.2,1,0.6,2.2,3,12.2,0.455,0.341,0.825,cancavl01
74,Clint Capela,Projected,6.7,11.9,0.1,0.4,2,3.3,5.5,14,1.9,1,1.7,1.4,3.2,15.5,0.564,0.337,0.597,capelca01
75,Branden Carlson,Projected,6.3,13.8,2.8,8,2.3,2.9,2.2,7.4,2.8,0.9,2.1,1.5,3,17.6,0.457,0.345,0.782,carlsbr01
76,Bub Carrington,Projected,4.7,11,2.1,5.9,1.1,1.4,0.6,5.3,5.4,0.8,0.3,2,2.7,12.5,0.422,0.355,0.817,carrica01
77,Devin Carter,Projected,4.9,12,1.8,5.5,2.5,3.8,1.7,6.9,3.9,1.7,0.5,1.7,3.3,14.1,0.412,0.323,0.648,cartede02
78,Jevon Carter,Projected,5.4,13.5,2.9,8.4,0.8,1,0.6,3.7,3.8,1.3,0.5,1.4,2.5,14.4,0.396,0.349,0.768,carteje01
79,Wendell Carter Jr.,Projected,5.2,10.7,1.1,3.8,2.6,3.6,2.9,9.9,2.8,1,0.8,1.7,3.7,14.3,0.488,0.302,0.733,cartewe01
80,D.J. Carton,Projected,5.3,12,1.6,5,2.5,3.1,1.4,6.1,3.8,1.3,0.6,2.3,2.5,14.6,0.439,0.324,0.8,cartodj01
81,Alex Caruso,Projected,4.6,10,2.1,5.6,1.4,1.8,1.2,5.2,4.5,2.4,1.1,1.6,3.4,12.7,0.454,0.376,0.792,carusal01
82,Stephon Castle,Projected,7.2,16.2,1.7,5.5,4.1,5.6,1.5,5.2,5.6,1.3,0.4,2.8,2.7,20.2,0.444,0.303,0.737,castlst01
83,Colin Castleton,Projected,4.6,9.6,0.7,2.4,2.5,3.2,3.7,9.2,2.8,0.8,0.8,1.9,3.9,12.4,0.479,0.275,0.785,castlco01
84,Julian Champagnie,Projected,5,11.8,3.1,8.2,1.7,2,1.2,5.8,2.3,1.2,0.8,1.4,2.1,14.9,0.426,0.377,0.87,champju02
85,Justin Champagnie,Projected,5.7,11.4,2,5.3,1.5,2.1,2.9,9.2,2,1.7,1.1,1.5,2.8,15,0.505,0.379,0.715,champju01
86,Ulrich Chomche,Projected,5.8,12,1.7,4.7,2.4,3.1,2.2,7.2,3.8,1.1,0.8,2.1,3.1,15.6,0.478,0.375,0.758,chomcul01
87,Cam Christie,Projected,5.9,13.6,1.9,6.1,2.3,3.1,1.8,7,4,1.8,0.7,1.8,2.6,15.9,0.434,0.305,0.734,chrisca02
88,Max Christie,Projected,4.4,9.9,1.9,5.1,2.1,2.5,0.7,4.8,2.6,1,0.6,1.4,2,12.8,0.442,0.377,0.847,chrisma02
89,Josh Christopher,Projected,6.5,14.4,1.4,4.9,2.4,3.1,1.1,5.1,3.8,1.6,0.9,2.5,2.4,16.8,0.453,0.291,0.755,chrisjo01
90,Sidy Cissoko,Projected,5.3,11.1,1.3,4.5,2.2,3.3,2.1,6.6,4,1.2,0.6,2.2,3.2,14,0.476,0.298,0.67,cissosi01
91,Jaylen Clark,Projected,4.5,9.5,1.7,4,2.2,2.7,1.8,4.4,2.4,2.2,0.3,0.9,3.8,12.8,0.475,0.416,0.788,clarkja02
92,Brandon Clarke,Projected,7.1,11.7,0.2,1,2,2.8,3.5,9.4,2.2,1.5,1.1,1.4,4.1,16.4,0.603,0.233,0.698,clarkbr01
93,Jordan Clarkson,Projected,7.4,17.8,2.5,7.7,3.8,4.7,1.1,4.4,5.3,0.9,0.3,3.2,2,21.1,0.414,0.332,0.824,clarkjo01
94,Nic Claxton,Projected,6.3,10.5,0.2,0.5,1.7,3.2,3,10.6,2.8,1.1,2.2,1.6,2.9,14.4,0.594,0.3,0.546,claxtni01
95,Donovan Clingan,Projected,5.2,9.6,0.6,1.8,1.8,2.9,5.6,13.8,2.4,1,2.8,1.9,4.7,12.8,0.542,0.323,0.633,clingdo01
96,Noah Clowney,Projected,5,12.3,2.7,7.8,2.4,2.9,1.7,6.7,1.8,0.9,0.9,1.6,3.3,15,0.403,0.35,0.819,clownno01
97,Amir Coffey,Projected,4.7,10.1,1.9,4.9,2.2,2.5,0.7,3.6,1.9,0.9,0.2,1,2.5,13.6,0.468,0.396,0.871,coffeam01
98,Isaiah Collier,Projected,4.8,11,0.9,3.5,2.2,3.1,0.7,4.9,8.6,1.3,0.4,3.8,2.8,12.8,0.44,0.274,0.703,colliis01
99,John Collins,Projected,7.6,14.5,1.6,4.4,3.3,4,2.5,9.7,2,1,1.2,2.3,3.5,20.1,0.524,0.373,0.824,collijo01
100,Yuri Collins,Projected,6,12.7,1.9,5.1,2.3,3,1.9,6.7,4.5,1.5,0.7,1.9,3.5,16.1,0.469,0.367,0.785,colliyu01
101,Zach Collins,Projected,6.3,12.8,1.3,4.1,2.7,3.3,3.2,9.6,4.3,1,1.1,2.6,4.7,16.7,0.496,0.322,0.808,colliza01
102,Mike Conley,Projected,4.3,10.2,2.6,6.4,1.8,2,0.7,3.7,6.7,1.5,0.3,1.7,2.3,12.9,0.417,0.406,0.879,conlemi01
103,Pat Connaughton,Projected,4.1,9.4,1.8,5.4,1.2,1.6,1.2,5.9,3.5,0.8,0.5,1.3,2.3,11.3,0.441,0.334,0.757,connapa01
104,Bilal Coulibaly,Projected,4.8,10.9,1.3,4.1,2.4,3.3,1.6,5.6,3.4,1.4,0.9,2.1,2.6,13.3,0.442,0.316,0.748,coulibi01
105,Ricky Council IV,Projected,5.5,13.3,1.6,5.8,3.8,4.7,1.5,6.3,2.9,1,0.4,1.5,2,16.3,0.409,0.283,0.797,councri01
106,Torrey Craig,Projected,4.2,9.8,2.1,5.7,1,1.4,2.5,7.5,2.2,1,1,1.3,3.6,11.6,0.435,0.374,0.729,craigto01
107,Isaiah Crawford,Projected,5.8,12.3,1.8,5.2,2.4,3.2,1.5,6.6,3.3,1.1,0.9,1.8,2.5,15.8,0.473,0.342,0.727,crawfis01
108,Jae Crowder,Projected,3.9,9.3,1.8,5.3,1.2,1.6,1.2,5.6,2.4,1.1,0.4,1.1,2.6,10.9,0.423,0.343,0.761,crowdja01
109,Cui Yongxi,Projected,6.2,13.9,2,5.9,2.6,3.5,1.6,6.8,3.8,1.2,0.7,2,2.6,17,0.446,0.334,0.756,cuiyo01
110,Cade Cunningham,Projected,9.7,20.7,2.2,6,4.4,5.2,0.8,5.9,8.8,1,0.7,4.1,2.8,26,0.471,0.362,0.853,cunnica01
111,Seth Curry,Projected,5.5,12.1,2.6,6.2,1.4,1.6,0.9,4,2.4,1,0.3,1.3,2.3,14.9,0.453,0.416,0.851,curryse01
112,Stephen Curry,Projected,9,20.4,4.9,12.4,4.3,4.7,0.6,5,6.1,1.1,0.5,3.2,1.7,27.3,0.444,0.393,0.921,curryst01
113,Tristan Da Silva,Projected,4.6,10.9,1.8,5.3,1.4,1.6,1.6,5.6,2.7,0.8,0.4,1.3,2.1,12.5,0.426,0.345,0.859,dasiltr01
114,Pacome Dadiet,Projected,5.2,11.9,2.1,5.8,2.1,2.8,1.4,6.5,3.1,1.2,0.7,1.7,2.5,14.5,0.434,0.356,0.76,dadiepa01
115,Dyson Daniels,Projected,5.8,11.8,1.2,3.4,1.2,1.9,1.7,6.5,4.7,2.9,0.7,2,2.5,14,0.496,0.346,0.628,daniedy01
116,N'Faly Dante,Projected,6.5,12.4,1.6,4.3,2.6,3.3,2.3,8.6,3.4,1.1,1.4,1.9,3.6,17.2,0.528,0.367,0.79,nfalyda01
117,Anthony Davis,Projected,9.5,18,0.6,2.2,5.7,7.2,3,12.3,3.6,1.2,2.2,2.3,2.3,25.4,0.529,0.284,0.788,davisan02
118,Johnny Davis,Projected,4.8,11.2,1.2,3.9,1.4,2.1,1.3,5.4,2.3,1.5,0.7,1.2,3,12.2,0.43,0.311,0.657,davisjo06
119,Terence Davis,Projected,6.2,14.1,2.7,7.5,2.1,2.7,1.2,6.2,3.4,1.4,0.6,2.1,3.5,17.3,0.442,0.359,0.784,daviste02
120,JD Davison,Projected,5.7,13,1.9,5.9,2.3,3.1,1.4,6.3,4.8,1.4,0.7,3,2.2,15.5,0.437,0.321,0.762,davisjd01
121,RayJ Dennis,Projected,6.1,14.4,2.4,7.1,2.1,2.6,1.5,6.6,5,2,0.8,2.2,3,16.8,0.428,0.334,0.811,dennira01
122,DeMar DeRozan,Projected,7.9,16.7,1,3.1,5.3,6.2,0.6,4,4.6,0.9,0.5,1.6,2.1,22.1,0.472,0.324,0.852,derozde01
123,Moussa Diabaté,Projected,5.1,8.8,0.2,0.8,2.2,3.5,5.2,12.1,1.9,1.4,1.1,1.8,3,12.6,0.578,0.3,0.626,diabamo01
124,Gradey Dick,Projected,6,14,2.6,7.1,2.6,3,1,4.5,2.3,1.1,0.2,1.7,2.6,17.2,0.429,0.365,0.858,dickgr01
125,Ousmane Dieng,Projected,5.2,11.6,2,6.2,1.4,1.8,1.5,6.7,3.3,1.2,0.6,1.7,2.6,13.9,0.449,0.329,0.762,diengou01
126,Rob Dillingham,Projected,6.6,14.3,1.9,5.2,1.1,1.6,1.1,4.4,6.3,1.4,0.2,3.2,2.6,16.1,0.461,0.356,0.668,dilliro01
127,Spencer Dinwiddie,Projected,4.8,11.6,2,5.8,3.1,3.9,0.4,3.6,5.9,1,0.3,1.7,2.2,14.7,0.412,0.337,0.801,dinwisp01
128,Donte DiVincenzo,Projected,5.9,13.7,3.8,9.7,1.2,1.6,0.9,5.1,4.3,1.6,0.4,2,2.6,17,0.433,0.397,0.773,divindo01
129,Luka Dončić,Projected,10.1,21.3,3.6,9.5,6.4,8.2,0.9,8.5,8.3,1.6,0.5,3.6,2.4,30.1,0.474,0.374,0.781,doncilu01
130,Luguentz Dort,Projected,4.7,10.8,2.7,6.8,1.4,1.8,1.5,5.1,2.1,1.3,0.7,1.1,3.6,13.5,0.436,0.401,0.785,dortlu01
131,Ayo Dosunmu,Projected,5.7,11.5,1.7,4.7,1.5,1.9,0.8,4,4.6,1.1,0.5,1.7,2.7,14.7,0.498,0.361,0.798,dosunay01
132,Jeff Dowtin Jr.,Projected,6.2,12.7,1.7,4.3,1.9,2.5,0.9,4.2,4.6,1.4,0.7,1.1,1.8,16,0.486,0.395,0.743,dowtije01
133,PJ Dozier,Projected,5.4,11.7,1.9,5.2,2.2,3.6,1.5,6.3,4.1,1.3,0.6,2,2.9,15,0.464,0.369,0.606,doziepj01
134,Andre Drummond,Projected,6.3,12.1,0.2,1,3,4.9,5.6,15.8,1.6,1.8,1,2.5,4.1,15.8,0.524,0.254,0.607,drumman01
135,Chris Duarte,Projected,4.9,11.9,2.2,6.3,2,2.5,1.4,5.9,2.9,1.1,0.4,1.5,3.4,13.9,0.41,0.349,0.795,duartch01
136,Alex Ducas,Projected,5.1,11.3,2.4,5.8,1.7,2.1,2.1,7.1,2.9,1.3,0.4,1.7,3,14.3,0.451,0.418,0.809,ducasal01
137,David Duke Jr.,Projected,6.3,13.3,1.9,4.8,2.3,3,1.5,6.2,3.8,1.2,0.5,2.2,2.9,16.8,0.476,0.385,0.764,dukeda01
138,Kris Dunn,Projected,4.2,9.3,1.4,4.2,0.6,0.8,1.2,5.3,5,2.3,0.6,1.8,3.9,10.4,0.451,0.343,0.719,dunnkr01
139,Ryan Dunn,Projected,5.4,12.3,2.1,6.6,0.7,1.2,2.3,6.9,1.8,1.2,1,1.1,3.9,13.7,0.444,0.324,0.577,dunnry01
140,Kevin Durant,Projected,9.3,17.9,2.3,5.6,4.7,5.6,0.5,6.1,4.4,0.8,1.2,3.1,1.8,25.6,0.517,0.411,0.846,duranke01
141,Jalen Duren,Projected,6.8,10.3,0.1,0.3,2.9,4,4.6,14.1,3.4,0.9,1.4,2.4,4.1,16.6,0.664,0.346,0.71,durenja01
142,Tari Eason,Projected,6.8,14,1.6,4.4,2.1,2.7,3.3,9.5,2.2,2.3,1.2,1.7,3.4,17.2,0.486,0.353,0.754,easonta01
143,Zach Edey,Projected,6.5,11.3,0.6,1.8,2.4,3.3,5.6,13.4,1.9,1,2.1,2.2,4.3,16,0.575,0.359,0.724,edeyza01
144,Anthony Edwards,Projected,9.2,19.9,3.4,8.8,5.2,6.2,0.8,5.8,4.8,1.3,0.6,3.1,1.9,26.9,0.461,0.391,0.833,edwaran01
145,Jesse Edwards,Projected,6.1,12.9,2,5.4,2.5,3.2,1.6,6.5,4.1,1.2,0.7,2,3.1,16.7,0.473,0.366,0.784,edwarje01
146,Justin Edwards,Projected,5.6,11.9,2.2,5.8,1.2,1.7,1.5,5,2.4,1.4,0.5,1.6,2.9,14.6,0.469,0.374,0.725,edwarju01
147,Kessler Edwards,Projected,4.4,9.3,1.6,4.2,1,1.3,1.4,6.6,2.7,1.2,1,1.1,3.4,11.6,0.476,0.389,0.804,edwarke02
148,Keon Ellis,Projected,4.3,8.9,2.6,5.9,1.4,1.7,1.2,4.2,2.5,2.1,1.1,1.4,3.4,12.5,0.486,0.43,0.824,elliske01
149,Joel Embiid,Projected,10.4,20.7,1.4,4.2,9.5,10.9,2.2,10.3,5.2,1.1,1.5,3.8,3,31.7,0.501,0.34,0.872,embiijo01
150,Tyson Etienne,Projected,5.2,12.9,2.6,7.9,2.2,2.8,1.2,4.5,3.5,1,0.5,2,3.4,15.3,0.407,0.323,0.79,etienty01
151,Drew Eubanks,Projected,5.2,8.9,0.3,0.7,2.2,3.1,2.9,10,2.5,0.8,1.8,1.9,3.3,13,0.584,0.413,0.708,eubandr01
152,Tosan Evbuomwan,Projected,5.1,11.2,1.4,4.2,2.7,3.6,1.7,6.5,2.9,1.2,0.6,1.9,2.8,14.3,0.452,0.338,0.755,evbuoto01
153,Dante Exum,Projected,5.7,11.5,1.9,4.4,2,2.7,0.8,4.6,5.1,0.9,0.3,1.9,3,15.5,0.499,0.442,0.764,exumda01
154,Bruno Fernando,Projected,6,11.1,0.4,1.4,2.8,4,3.3,10,3.2,1.1,1.6,2.5,5.3,15.2,0.538,0.329,0.702,fernabr01
155,Kyle Filipowski,Projected,6.3,12.4,1.9,5.2,2.3,3.4,2.6,10.3,3.5,1.2,0.6,2.3,3.8,16.8,0.51,0.362,0.673,filipky01
156,Dorian Finney-Smith,Projected,4,9.2,2.3,6.2,0.7,1,1.7,5.3,1.9,1.1,0.6,1.2,2.7,11,0.432,0.379,0.706,finnedo01
157,Adam Flagler,Projected,5.2,15.4,2.3,9.6,1.2,1.6,1.4,5.5,3.1,1.3,0.6,1.3,2.6,14,0.341,0.239,0.75,flaglad01
158,Trentyn Flowers,Projected,6.3,13.5,1.8,5.1,2.8,3.4,1.7,6.6,3.5,1.1,0.6,2,3,17.2,0.468,0.349,0.826,flowetr01
159,Malachi Flynn,Projected,5.5,13.1,2.2,6.4,2.2,2.9,1.1,5.1,4.8,1.5,0.4,2.3,2.9,15.4,0.423,0.34,0.759,flynnma01
160,Simone Fontecchio,Projected,4.9,11.6,2.5,6.9,1.7,2.1,1.5,5.8,2.1,0.9,0.4,1.6,2.7,14.1,0.424,0.359,0.821,fontesi01
161,De'Aaron Fox,Projected,9.1,19.3,2.2,6.6,4.2,5.4,0.9,4.8,6,1.6,0.4,2.7,2.6,24.5,0.469,0.335,0.79,foxde01
162,Enrique Freeman,Projected,4.7,10.2,1.1,3.7,2.6,3.5,2,6.3,2.9,0.9,0.7,1.6,3.5,13.1,0.46,0.293,0.731,freemen01
163,Markelle Fultz,Projected,6.3,13.2,0.6,1.8,1.4,1.9,1.7,5.2,5.3,1.7,0.6,2.4,2.6,14.7,0.477,0.348,0.764,fultzma01
164,Johnny Furphy,Projected,4.3,10.1,1.7,5,2,2.5,2.1,6.9,2.5,1.6,1,1.4,3.5,12.3,0.429,0.333,0.811,furphjo01
165,Daniel Gafford,Projected,7.5,10.8,0.1,0.3,3.2,4.6,4,10.9,2.4,0.9,2.8,1.8,4.3,18.4,0.695,0.361,0.691,gaffoda01
166,Darius Garland,Projected,8.1,17.3,3,7.5,3.4,3.9,0.7,3.3,7.6,1.4,0.2,3,2.1,22.6,0.469,0.398,0.865,garlada01
167,Marcus Garrett,Projected,5.9,13,1.8,5,2.2,2.8,1.3,5.4,4.6,1.3,0.8,2.3,3.3,15.7,0.451,0.366,0.775,garrema01
168,Luka Garza,Projected,8.1,16.5,1.9,6.2,3.8,5.3,4,8.2,2.5,1,0.5,2,4.5,22,0.492,0.312,0.726,garzalu01
169,Keyonte George,Projected,6.1,15.1,2.9,8.2,3.8,4.6,0.5,4.4,6.3,0.8,0.2,3.1,1.8,19,0.406,0.352,0.832,georgke01
170,Kyshawn George,Projected,4.3,11,2.3,6.9,1.5,2,1.1,5.9,3.5,1.4,1,1.9,3.8,12.5,0.393,0.335,0.766,georgky01
171,Paul George,Projected,7.4,16.6,2.9,7.7,3.1,3.6,0.7,5.8,4.3,1.7,0.5,2.6,2.9,20.8,0.446,0.378,0.862,georgpa01
172,Taj Gibson,Projected,4.4,9.3,0.6,1.7,1.4,2,3.2,8.5,2.3,0.9,1.2,2,4.7,10.7,0.469,0.333,0.681,gibsota01
173,Josh Giddey,Projected,6.9,14.3,1.7,4.5,2.5,3.2,2.1,9.5,7.9,1.2,0.8,3.2,2.1,18,0.48,0.371,0.789,giddejo01
174,Shai Gilgeous-Alexander,Projected,11.4,21.8,1.9,5,8.2,9.2,1,5.5,6.5,1.9,1,2.5,2.4,32.9,0.524,0.37,0.891,gilgesh01
175,Anthony Gill,Projected,4.8,10.1,1,3.3,2.7,3.8,2,6.3,2.3,0.9,0.5,1.4,3.2,13.2,0.477,0.3,0.711,gillan01
176,Collin Gillespie,Projected,5.5,12.3,2.7,6.5,1.7,2.1,1.5,5.8,5.4,1.6,0.4,1.6,2.6,15.5,0.448,0.418,0.81,gilleco01
177,Rudy Gobert,Projected,5.4,8.3,0.1,0.2,3,4.6,3.8,12.2,1.8,0.8,1.7,1.5,3,13.8,0.648,0.323,0.656,goberru01
178,Jordan Goodwin,Projected,4.8,11.5,1.6,4.6,1.3,1.7,2.5,7.7,4.2,1.8,0.7,1.8,2.8,12.5,0.417,0.342,0.77,goodwjo01
179,Aaron Gordon,Projected,6.5,12.1,1.3,3.4,3.2,4.4,2.3,6.8,4,0.8,0.6,1.8,2.2,17.5,0.538,0.385,0.726,gordoaa01
180,Eric Gordon,Projected,4.8,11.2,2.6,6.9,1.6,2,0.4,2.6,2.9,1.1,0.6,1.5,1.6,13.8,0.432,0.377,0.775,gordoer01
181,Jazian Gortman,Projected,6.2,13.6,2.2,5.9,2.3,3.1,1.4,5.8,4,1.3,0.7,2.3,3.4,16.9,0.458,0.372,0.73,gortmja01
182,Jerami Grant,Projected,6.1,14.7,2.4,6.3,3.9,4.7,0.7,4,2.6,0.9,0.9,1.8,2.5,18.5,0.415,0.376,0.828,grantje01
183,A.J. Green,Projected,4.3,9.9,3.4,8.1,0.7,0.9,0.5,4,2.4,0.8,0.2,0.9,3.3,12.8,0.436,0.424,0.824,greenaj01
184,Draymond Green,Projected,4.1,9.2,1.3,3.9,1.7,2.4,1.4,7.9,7,1.6,1.2,3.2,3.9,11.2,0.447,0.333,0.697,greendr01
185,Jalen Green,Projected,8.1,18.7,3,8.4,3.9,4.8,0.6,5.3,3.9,1,0.4,2.6,1.7,23.1,0.433,0.356,0.812,greenja05
186,Javonte Green,Projected,4.1,9,1.4,4.1,1.7,2.3,1.8,6.5,1.8,1.8,0.9,1.1,2.9,11.2,0.453,0.332,0.728,greenja02
187,Jeff Green,Projected,5,10.8,1.7,5.2,2.7,3.4,1.2,5.1,2.1,0.6,0.6,1.3,2.9,14.6,0.465,0.336,0.795,greenje02
188,Josh Green,Projected,4,8.6,1.8,4.6,1.1,1.6,1.1,3.9,2.5,1.3,0.3,1.4,3,10.8,0.46,0.394,0.703,greenjo02
189,Quentin Grimes,Projected,6.2,13.6,2.8,7.5,2.4,3.2,1,5.3,3.6,1.3,0.4,2.1,2.5,17.7,0.459,0.381,0.765,grimequ01
190,Mouhamed Gueye,Projected,5.2,11.9,1.6,5.4,2.3,3,2.8,9,2.4,1.8,1.9,1.2,3.6,14.3,0.439,0.294,0.778,gueyemo02
191,Rui Hachimura,Projected,6.2,12.1,1.9,4.7,1.8,2.4,1.4,5.9,1.7,0.8,0.5,1,2,16.2,0.515,0.408,0.76,hachiru01
192,Tyrese Haliburton,Projected,7.4,15.4,3.2,8.2,2.9,3.4,0.7,4.1,10.5,1.5,0.7,2,1.4,21,0.482,0.387,0.854,halibty01
193,PJ Hall,Projected,6.8,13.3,1.8,5.2,2.3,3,2.2,8.3,3.5,0.9,1.2,1.8,3.6,17.6,0.51,0.343,0.78,hallpj01
194,Tim Hardaway Jr.,Projected,5.3,13.2,3,8.4,2.2,2.6,0.4,3.6,2.2,0.7,0.1,1,1.8,15.8,0.402,0.36,0.838,hardati02
195,James Harden,Projected,6.2,15.1,2.8,8,5.6,6.5,0.7,5.7,8.7,1.4,0.7,3.8,2.1,20.9,0.411,0.354,0.869,hardeja01
196,Jaden Hardy,Projected,7.2,16.4,3,7.7,2.4,3.3,0.6,4.3,3.6,1,0.3,2.7,3.2,19.8,0.439,0.387,0.744,hardyja02
197,Elijah Harkless,Projected,4.8,11.4,2,6,1.8,2.5,2,6.2,3.2,1.9,0.5,1.5,3.6,13.2,0.418,0.326,0.704,harklej01
198,Ron Harper Jr.,Projected,5.9,13.4,1.8,6,2.7,3.3,2.3,7.2,4,1,0.7,1.8,2.7,16.2,0.439,0.298,0.811,harpero02
199,Gary Harris,Projected,3.5,8.2,2,5.5,0.8,1.1,0.9,3.2,2.1,1.3,0.5,1,2.5,9.9,0.425,0.37,0.737,harriga01
200,Tobias Harris,Projected,6.3,13.1,1.5,4.2,2.3,2.7,1.1,6.7,2.8,1.1,0.8,1.4,2.1,16.3,0.477,0.348,0.862,harrito02
201,Josh Hart,Projected,4.7,9.4,1.1,3.2,1.8,2.3,1.9,8.9,5.1,1.3,0.3,1.8,2.5,12.1,0.496,0.329,0.775,hartjo01
202,Isaiah Hartenstein,Projected,5.5,9.4,0.1,0.6,1.9,2.7,4,12.7,4.2,1.3,1.4,2,3.9,13.1,0.586,0.213,0.696,harteis01
203,Sam Hauser,Projected,5.1,11.3,3.8,9.2,0.4,0.5,1,5.5,1.7,0.9,0.4,0.7,2.1,14.5,0.451,0.417,0.862,hausesa01
204,Jordan Hawkins,Projected,5.7,14.7,3.1,8.8,2.2,2.7,0.8,4.7,2.1,0.8,0.5,1.5,1.7,16.8,0.391,0.352,0.825,hawkijo01
205,Jaxson Hayes,Projected,5.4,8,0.2,0.7,2.2,3.4,2.6,8.6,2,1.2,1.5,1.6,4.4,13.2,0.677,0.263,0.649,hayesja02
206,Killian Hayes,Projected,4.8,11.5,1.3,3.9,1.7,2.2,0.7,4.4,7.1,1.4,0.7,2.2,3,12.5,0.418,0.324,0.765,hayeski01
207,Scoot Henderson,Projected,6.2,14.6,2.1,5.8,3.3,4.2,1.1,4.3,6.9,1.3,0.3,3.6,3.6,17.8,0.423,0.358,0.794,hendesc01
208,Taylor Hendricks,Projected,4.8,10.7,2.1,5.7,1.4,1.8,1.9,7.6,2,1.3,1.2,1.3,3.1,13.1,0.448,0.372,0.791,hendrta01
209,Tyler Herro,Projected,8.4,18,3.3,8.6,3.4,3.9,0.5,5.5,5.3,0.9,0.2,2.5,1.3,23.5,0.467,0.382,0.878,herroty01
210,Buddy Hield,Projected,6.3,14.8,3.7,9.9,1.1,1.3,1,5,3.1,1.3,0.5,1.8,2.6,17.4,0.425,0.376,0.831,hieldbu01
211,Haywood Highsmith,Projected,3.8,8.3,1.8,4.7,0.7,1,1.5,5.3,2.2,1.3,0.7,1.1,3.2,10.1,0.458,0.381,0.698,highsha01
212,Aaron Holiday,Projected,5.3,11.9,2.7,6.8,1.6,1.9,0.7,3.8,3.9,1.1,0.4,1.6,3.2,14.9,0.441,0.391,0.852,holidaa01
213,Jrue Holiday,Projected,5.3,11.6,2.1,5.7,1.4,1.6,1.4,5.4,5.1,1.1,0.6,1.9,1.9,14.1,0.454,0.373,0.868,holidjr01
214,Ron Holland,Projected,5.9,12,1.2,4.4,2.7,3.5,1.2,6.4,2.6,1.4,0.5,2,3.7,15.6,0.489,0.269,0.769,hollaro01
215,Richaun Holmes,Projected,5.8,10,0.4,1.1,2.8,3.5,3.8,10.7,2.6,0.7,1.3,1.6,3.8,14.8,0.582,0.332,0.796,holmeri01
216,Chet Holmgren,Projected,7.3,14.1,1.9,5,3.6,4.6,2,10,3,0.9,2.8,2.1,2.9,20.2,0.52,0.382,0.781,holmgch01
217,Jalen Hood-Schifino,Projected,4.9,12.2,1.7,5.3,2.5,3.1,0.8,4.4,4.1,0.8,0.8,2.1,2.9,13.9,0.401,0.317,0.785,hoodsja01
218,Al Horford,Projected,4.3,9.7,2.4,6.3,0.7,0.8,1.6,7.8,3.1,0.8,1.1,1,2,11.7,0.443,0.375,0.85,horfoal01
219,Talen Horton-Tucker,Projected,6.7,15.3,2,6,3.4,4.4,1,5.1,5.2,1.3,0.6,2.3,3,18.8,0.438,0.336,0.765,hortota01
220,Caleb Houstan,Projected,3.9,9.2,2.9,7.3,1,1.2,1.1,4,1.8,0.9,0.3,0.8,2.7,11.7,0.425,0.393,0.834,houstca01
221,Jett Howard,Projected,5.4,13.5,2.8,8.9,1.2,1.6,1.2,4.3,2.7,0.8,0.6,1.8,3.2,14.7,0.401,0.313,0.728,howarje01
222,Kevin Huerter,Projected,5.8,13.1,2.9,8.1,1,1.3,0.8,4.7,3.5,1.3,0.5,1.4,2.8,15.4,0.442,0.354,0.74,huertke01
223,Jay Huff,Projected,7.3,14.3,3.5,8.8,2.2,2.8,1.5,6.4,2.2,0.9,2.3,1.7,3.7,20.3,0.512,0.401,0.793,huffja01
224,Ariel Hukporti,Projected,4.8,8.7,0.9,2.4,1.7,2.6,2.1,7.8,2.8,0.6,1.8,2.8,4.1,12.1,0.548,0.37,0.641,hukpoar01
225,De'Andre Hunter,Projected,7,15,2.8,7.1,3.9,4.7,0.9,5.2,2,0.9,0.3,1.7,3.2,20.7,0.466,0.394,0.842,huntede01
226,Bones Hyland,Projected,6.9,16.8,3.5,9.5,2.5,3,0.8,4.5,5.3,1.8,0.5,2.9,3.5,19.8,0.412,0.369,0.838,hylanbo01
227,Oso Ighodaro,Projected,4.3,7.4,0.3,0.8,1.2,1.9,2.2,7.7,2.7,1,1,1.4,3.3,10.1,0.58,0.345,0.635,ighodos01
228,Joe Ingles,Projected,3.5,8.3,2.1,5.3,1,1.2,0.7,4.5,5.7,1.2,0.2,2.2,2.9,10,0.419,0.385,0.803,inglejo01
229,Brandon Ingram,Projected,8.7,18.1,1.8,5,3.9,4.7,0.9,5.8,5.9,0.9,0.7,3.2,2.6,23.1,0.481,0.366,0.825,ingrabr01
230,Harrison Ingram,Projected,5.6,11.7,1.7,4.8,2.1,2.7,1.8,7.2,3.9,1.6,0.6,1.9,2.6,15,0.479,0.356,0.786,ingraha01
231,Kyrie Irving,Projected,9.1,19,2.9,7.3,3.7,4,1.1,4.9,4.8,1.3,0.5,2.1,2.1,24.7,0.478,0.395,0.905,irvinky01
232,Jonathan Isaac,Projected,5,11.2,1.5,4.9,2.4,3.4,3.5,10,1.5,1.9,2.5,1.2,2.8,13.8,0.446,0.299,0.699,isaacjo01
233,Jaden Ivey,Projected,7.1,15.8,2.2,5.9,3.7,4.9,1.5,4.8,5,1,0.5,3.2,3.1,20.1,0.451,0.374,0.752,iveyja01
234,Andre Jackson Jr.,Projected,3.8,7.7,1.2,3.1,0.7,1.1,2.4,6.9,3.2,1.2,0.5,2,4.3,9.5,0.487,0.391,0.628,jacksan01
235,GG Jackson II,Projected,6.7,15.6,2.7,7.6,2.9,3.9,1.8,6.6,2.3,0.9,0.6,2.1,2.1,19,0.426,0.363,0.758,jacksgg01
236,Isaiah Jackson,Projected,6.8,11.3,0.4,1.3,3.2,4.7,3.8,10.1,2.6,1.4,2.6,1.9,5.3,17.2,0.6,0.328,0.688,jacksis01
237,Jaren Jackson Jr.,Projected,9.2,19.2,2.2,6.2,5.2,6.5,1.5,6.8,2.5,1.4,2,2.5,4.1,25.8,0.48,0.361,0.793,jacksja02
238,Quenton Jackson,Projected,5.6,11.9,1.5,4.2,2.9,3.7,1.4,4.9,4.7,1.7,0.5,1.7,3.6,15.8,0.473,0.363,0.782,jacksqu01
239,Reggie Jackson,Projected,5.9,14.1,2.1,6,1.4,1.8,0.7,3.6,5.2,1,0.3,2.1,3,15.3,0.417,0.343,0.811,jacksre01
240,Trayce Jackson-Davis,Projected,6.9,11.3,0.2,0.6,2.3,3.9,4.2,11,3.5,0.9,1.7,1.7,2.9,16.2,0.609,0.325,0.595,jackstr02
241,Bronny James,Projected,5.3,13.2,2,5.9,2.4,3,1.2,5.2,4.3,1.6,0.7,2.3,2.6,15,0.4,0.329,0.792,jamesbr02
242,LeBron James,Projected,9.4,18.6,2.1,5.8,3.9,5.1,1,7.6,8,1.1,0.6,3.7,1.5,24.8,0.505,0.368,0.761,jamesle01
243,Jaime Jaquez Jr.,Projected,5.8,12.1,1.1,3.4,2.7,3.4,1.9,6.5,4,1.5,0.4,2.2,2.4,15.4,0.481,0.327,0.782,jaqueja01
244,DaQuan Jeffries,Projected,4.3,10.3,1.9,5.6,1,1.3,1.3,4.8,2.1,0.9,0.8,1.3,3.2,11.4,0.415,0.335,0.775,jeffrda01
245,Trey Jemison,Projected,4.6,8.7,0.4,1.1,1.5,2.6,3.6,8.7,2.1,0.9,1.4,2.1,4.9,11.1,0.532,0.366,0.586,jemistr01
246,Daniss Jenkins,Projected,6.1,13.6,2,6.2,2.3,3.2,1.5,6.3,4.1,1.1,0.6,2,2.8,16.5,0.452,0.321,0.694,jenkida01
247,Ty Jerome,Projected,7.8,15.3,2.7,6.2,3.1,3.6,1.3,4.6,5.9,1.8,0.2,2.3,2.7,21.3,0.51,0.428,0.866,jeromty01
248,Isaiah Joe,Projected,5.8,12.9,4,9.7,1.2,1.5,0.9,4.6,2.7,1.1,0.3,1,2.4,16.9,0.451,0.415,0.826,joeis01
249,AJ Johnson,Projected,5.1,12.2,1.5,5.1,2,2.4,0.7,4.1,4.3,0.8,0.3,1.9,2.7,13.7,0.417,0.3,0.848,johnsaj01
250,Cameron Johnson,Projected,6.8,14.5,3.1,7.9,3.3,3.8,1.1,5.3,3.6,1.1,0.5,1.7,2.2,19.9,0.466,0.389,0.866,johnsca02
251,Jalen Johnson,Projected,7.2,14.1,1.3,3.9,2.4,3.2,1.6,9.7,4.5,1.4,1,2.4,2.3,18.1,0.51,0.337,0.741,johnsja05
252,James Johnson,Projected,5.3,12.1,1.3,4.5,1.9,2.6,1.2,6,4,1.2,1,2.5,4,13.8,0.436,0.294,0.723,johnsja01
253,Keldon Johnson,Projected,7.3,15.5,2,5.9,3.1,4,1.9,6.9,2.9,0.9,0.4,1.7,2.4,19.7,0.473,0.334,0.778,johnske04
254,Keon Johnson,Projected,5.8,14.4,2.4,7.3,2.2,2.8,1.2,5.7,3.4,1.5,0.6,2.2,3.7,16.2,0.404,0.328,0.778,johnske07
255,Keshad Johnson,Projected,6.5,11.9,1.7,4.5,2.2,3.3,1.9,8.1,3.1,1.5,1,1.9,3.2,16.8,0.542,0.382,0.662,johnske10
256,Nikola Jokić,Projected,10.6,18.4,1.6,4,4.9,6,2.8,12.3,9.6,1.6,0.7,3.2,2.4,27.7,0.578,0.397,0.806,jokicni01
257,Colby Jones,Projected,4.8,10.4,1.2,3.9,1.8,2.6,1.8,6.5,3.4,1.7,0.9,1.7,2.9,12.6,0.46,0.316,0.688,jonesco02
258,Derrick Jones Jr.,Projected,5.6,10.9,1.6,4.4,1.8,2.5,1.8,5.2,1.4,1.4,0.8,1.3,2.8,14.5,0.51,0.352,0.715,jonesde02
259,Dillon Jones,Projected,4.1,9.7,1.3,4.4,1.5,2.2,1.9,7.7,3.9,1.1,0.4,1.9,3.3,10.9,0.418,0.291,0.674,jonesdi01
260,Herbert Jones,Projected,4.6,9.6,1.5,4.1,2.1,2.5,1.3,4.5,3.3,1.8,0.8,1.6,3.5,12.7,0.476,0.375,0.832,joneshe01
261,Isaac Jones,Projected,6.4,11.1,1,2.6,2.7,3.9,2.3,6.8,2.3,0.8,1,2,3.2,16.5,0.578,0.37,0.686,jonesis01
262,Kai Jones,Projected,6.4,9.5,0.5,1.7,1.9,2.6,2.7,8.8,2.3,1.2,1.6,1.6,3.6,15.2,0.672,0.329,0.743,joneska01
263,Mason Jones,Projected,6.2,13.3,1.8,5.9,2.6,3.4,1.6,6.7,5.1,1,0.7,1.9,2.8,16.8,0.467,0.305,0.773,jonesma05
264,Spencer Jones,Projected,5,11.8,1.3,5.3,1.8,2.2,2,6,2.9,1.3,1,1.8,3.6,13.1,0.424,0.247,0.822,jonessp01
265,Tre Jones,Projected,5.4,10.5,1,2.8,2.1,2.5,1.1,4.9,7.7,1.4,0.3,1.7,1.9,13.8,0.509,0.35,0.838,jonestr01
266,Tyus Jones,Projected,5.4,11.9,2.5,6,0.9,1.1,0.6,3.5,7.5,1.2,0.2,1.5,1,14.2,0.459,0.407,0.846,jonesty01
267,DeAndre Jordan,Projected,5,8.3,0.3,0.8,1.7,3.5,3.9,13.1,2.8,0.8,1.3,2.2,4,12,0.603,0.354,0.479,jordade01
268,Cory Joseph,Projected,4,9.8,2.1,5.9,1.2,1.5,1,4.3,4.6,1.2,0.3,1.4,2.9,11.3,0.411,0.356,0.764,josepco01
269,Nikola Jović,Projected,5.5,11.8,2.5,6.4,2.1,2.6,1,6.4,4,1.2,0.5,1.8,2.7,15.6,0.468,0.386,0.811,jovicni01
270,Johnny Juzang,Projected,5.8,13.2,3.2,8.4,1.4,1.7,1.2,5.3,2.2,1,0.3,1.1,3.3,16.2,0.442,0.382,0.824,juzanjo01
271,Yuki Kawamura,Projected,5.6,12.7,2.3,6.8,2.6,3.4,1.1,6,5.3,1.1,0.5,2,2.8,16.1,0.442,0.341,0.785,kawamyu01
272,Kylor Kelley,Projected,5.3,10.3,1.2,3.2,2.2,3.1,2.4,8.5,2.9,0.8,0.8,1.7,3.4,13.9,0.512,0.361,0.708,kelleky01
273,Luke Kennard,Projected,5.1,10.9,3,6.9,1.4,1.5,0.8,4.5,4.8,1.1,0.2,1.8,1.6,14.6,0.471,0.438,0.881,kennalu01
274,Walker Kessler,Projected,5.9,8.9,0.2,0.8,1.6,2.9,4.9,13.5,2,0.8,3.1,1.7,2.9,13.6,0.658,0.256,0.559,kesslwa01
275,Braxton Key,Projected,5.6,12.8,1.7,4.8,3.1,4.4,1.7,7.1,3.9,1.4,0.7,1.9,2.7,16.1,0.441,0.354,0.714,keybr01
276,Corey Kispert,Projected,6.1,12.8,2.9,7.5,1.8,2.3,0.7,4.1,2.5,0.7,0.3,1.5,2.2,16.8,0.473,0.38,0.799,kispeco01
277,Maxi Kleber,Projected,2.8,6.7,1.1,3.6,1.2,1.7,1.3,5.6,2.6,0.6,1,1.3,3.5,8,0.42,0.316,0.736,klebima01
278,Bobi Klintman,Projected,6.1,12.4,2,5.3,2.2,3,1.5,6.6,4.5,1.4,0.8,1.8,3.5,16.5,0.498,0.378,0.756,klintbo01
279,Dalton Knecht,Projected,6.3,13.4,3,7.9,1.7,2.2,1,5.4,1.9,0.7,0.3,1,2.3,17.3,0.47,0.383,0.77,knechda01
280,Kevin Knox,Projected,6.1,12.8,2.1,6.1,1.9,2.3,1.5,6,2.1,0.9,0.7,1.7,3.1,16.1,0.474,0.338,0.807,knoxke01
281,Tyler Kolek,Projected,4.4,11.1,1.8,5.6,2,2.5,1.2,4.5,7,1.4,0.6,2.1,3,12.6,0.396,0.327,0.778,kolekty01
282,Christian Koloko,Projected,4.6,8.6,0.5,1.7,1.6,2.2,3.2,8.6,2.2,1,1.6,1.4,4.3,11.3,0.536,0.301,0.723,kolokch01
283,John Konchar,Projected,3.2,7.1,1.4,4.1,0.8,1,2.1,8.3,3,1.7,1.1,1.3,2.4,8.5,0.441,0.345,0.816,konchjo01
284,Luke Kornet,Projected,5.1,7.9,0.2,0.5,1.8,2.4,4.5,9.7,3,0.9,1.9,0.9,3.1,12.2,0.647,0.326,0.744,kornelu01
285,Vit Krejci,Projected,4.5,9.2,2.6,6,1,1.4,0.8,4.9,4.3,1.1,0.7,1.6,3.2,12.7,0.496,0.43,0.736,krejcvi01
286,Jonathan Kuminga,Projected,8.1,16.3,1.3,4,4.3,6.1,1.8,6.8,3.3,1.1,0.7,2.2,3,21.9,0.499,0.329,0.707,kuminjo01
287,Kyle Kuzma,Projected,7.8,17.5,2.1,6.4,2.6,3.7,1,7,3.5,0.7,0.5,2.8,2.3,20.3,0.447,0.321,0.693,kuzmaky01
288,Jock Landale,Projected,5.7,11.1,0.8,2.5,2.3,3.1,3.8,8.9,2.9,0.9,1,1.7,3.6,14.6,0.515,0.335,0.74,landajo01
289,Jake LaRavia,Projected,4.7,10.2,1.8,4.6,2.5,3.4,2.3,6.7,3.8,1.5,0.6,2.2,3.3,13.7,0.457,0.395,0.737,laravja01
290,Pelle Larsson,Projected,4.5,10,1.6,4.6,2,2.9,1.4,4.7,3.2,1.5,0.4,1.3,3.9,12.7,0.453,0.349,0.7,larsspe01
291,Zach LaVine,Projected,8.3,16.7,3,7.2,3.4,4.1,0.4,4.6,4.2,0.8,0.2,2.7,1.9,23.1,0.497,0.421,0.829,lavinza01
292,A.J. Lawson,Projected,6.2,13.9,2.2,6.8,2.8,4,1.6,6.4,2.6,1.1,0.5,1.4,3,17.3,0.443,0.329,0.693,lawsoaj01
293,Damion Lee,Projected,5.7,13.5,2.3,6.6,3,3.4,1.1,5.6,2.9,1,0.3,2.1,2.5,16.7,0.419,0.348,0.885,leeda03
294,Alex Len,Projected,4,7.7,0.5,1.6,1.4,2.3,3.3,8.9,3.7,0.9,1.9,2.1,4.9,9.9,0.517,0.305,0.607,lenal01
295,Kawhi Leonard,Projected,9.1,18.1,2.2,5.5,3.5,4.1,1.2,6.5,3.7,1.7,0.7,2,1.7,24,0.503,0.405,0.847,leonaka01
296,Malevy Leons,Projected,5.6,12.2,1.8,5.2,2.6,3.7,1.7,6.5,3.7,1.1,0.7,2.1,3.2,15.6,0.457,0.35,0.724,leonsma01
297,Caris LeVert,Projected,6.1,13.8,2.2,6.1,2.5,3.5,0.9,4.8,5.2,1.3,0.7,1.9,2.3,17,0.445,0.357,0.731,leverca01
298,Maxwell Lewis,Projected,5.1,11.9,1.9,5.3,1.3,1.8,1.8,5.9,2.7,1.1,0.7,1.9,2.9,13.5,0.431,0.368,0.751,lewisma05
299,E.J. Liddell,Projected,5.9,12.4,1.9,5.9,2.3,2.8,1.7,6.6,3.4,1.2,0.8,2,3.8,16,0.475,0.327,0.821,liddeej01
300,Damian Lillard,Projected,7.6,17.5,3.2,9,6.3,6.9,0.6,4.6,6.9,1.1,0.2,2.8,1.8,24.8,0.435,0.361,0.915,lillada01
301,Dereck Lively II,Projected,6.1,8.8,0.2,0.6,1.8,2.8,4,11,3,1,2.2,1.6,3.9,14.3,0.695,0.361,0.622,livelde01
302,Chris Livingston,Projected,5,11.3,1.1,4,2.9,3.8,2.2,8.8,3,1.3,0.4,2,3.1,14.1,0.448,0.28,0.773,livinch01
303,Kevon Looney,Projected,4.5,8.4,0.2,0.5,1.8,2.9,5,13.3,3.8,1.2,1,1.3,4.6,11,0.541,0.362,0.614,looneke01
304,Brook Lopez,Projected,5.6,11.4,2,5.5,1.7,2.1,1.7,5.9,2,0.7,2.3,1.3,2.7,14.9,0.494,0.362,0.811,lopezbr01
305,Kevin Love,Projected,5.7,14.2,3,8.8,2.7,3.5,2.2,11.7,3.8,1,0.5,2,3.3,17.2,0.405,0.339,0.773,loveke01
306,Kyle Lowry,Projected,3.3,8.3,1.9,5.4,1.6,2,0.8,4.2,5.2,1.4,0.5,1.7,3.2,10.1,0.401,0.352,0.822,lowryky01
307,Trey Lyles,Projected,4.5,10.4,2.3,6.5,1.7,2.4,2,8.2,2.3,0.9,0.6,1.2,2.5,13,0.433,0.353,0.722,lylestr01
308,Sandro Mamukelashvili,Projected,6.8,13.9,2.6,7.1,2.3,3,3.2,9.9,3.1,1,0.9,1.5,3,18.5,0.49,0.36,0.744,mamuksa01
309,Terance Mann,Projected,5.2,10.3,1.5,4.1,1.4,1.9,1.7,5.1,2.9,1,0.4,1.2,3,13.3,0.502,0.362,0.755,mannte01
310,Tre Mann,Projected,6.4,14.2,2.2,5.8,1.9,2.3,1.1,5.2,5,1.4,0.3,2.3,2.3,16.8,0.448,0.375,0.812,manntr01
311,Lauri Markkanen,Projected,7.8,17.2,3.3,8.9,4.4,5,2,7.7,2,0.9,0.5,1.7,2,23.2,0.453,0.368,0.88,markkla01
312,Naji Marshall,Projected,6.2,12.6,1.3,4.2,2.4,3,1.4,6.3,3.8,1.3,0.3,2,2.2,16,0.491,0.308,0.804,marshna01
313,Caleb Martin,Projected,4.4,10.2,1.4,3.9,1.7,2.5,1.5,5.6,2.8,1.2,0.6,1.6,2.6,11.9,0.434,0.353,0.695,martica02
314,Cody Martin,Projected,4.3,10.4,1.4,4.6,1.4,1.9,1.5,6.5,3.7,1.6,0.9,1.7,2.8,11.3,0.415,0.297,0.697,martico01
315,Jaylen Martin,Projected,5.4,12,1.5,4.3,1.9,2.3,1.7,6.8,3.2,1.3,0.3,1.9,2.3,14.2,0.453,0.345,0.835,martija02
316,KJ Martin,Projected,5.1,9.3,0.8,2.6,1.7,2.4,1.6,5.9,2.2,0.8,0.7,1.3,3.7,12.7,0.549,0.301,0.716,martike04
317,Tyrese Martin,Projected,5.3,12.8,2.6,7.4,1.4,1.8,1.6,6.1,3.4,1,0.3,2,2.2,14.7,0.417,0.355,0.795,martity01
318,Garrison Mathews,Projected,4.3,10.4,3.3,8.3,2.3,2.8,0.7,3.9,2.3,1,0.5,1.2,3.6,14.2,0.417,0.397,0.819,mathega01
319,Bennedict Mathurin,Projected,6.8,14.6,1.7,4.9,4.7,5.6,1.5,6.2,2.5,0.8,0.4,2.2,2.7,20,0.463,0.356,0.833,mathube01
320,Karlo Matković,Projected,6.3,11.2,1.2,3.4,1.7,2.2,2.7,9.1,2.5,1.1,1.7,2,4.4,15.4,0.56,0.337,0.781,matkoka01
321,Tyrese Maxey,Projected,8.7,19.2,2.9,8.1,4.4,5.1,0.4,3.5,5.7,1.3,0.4,1.9,2.1,24.7,0.452,0.362,0.873,maxeyty01
322,Miles McBride,Projected,5.2,12.3,2.6,6.9,1.3,1.6,1,3.6,3.9,1.5,0.4,1,2.6,14.4,0.426,0.382,0.813,mcbrimi01
323,Jared McCain,Projected,7.6,15.9,2.9,7.5,3,3.4,1,4.2,3.8,1,0.2,2.2,2.3,21,0.475,0.393,0.862,mccaija01
324,Mac McClung,Projected,6,13.1,1.9,5.5,2.5,3.2,1.6,6.5,4.4,1.1,0.7,2,3.1,16.3,0.457,0.349,0.772,mccluma01
325,CJ McCollum,Projected,8.2,18.6,3.4,8.7,2.3,3,0.8,4.4,4.7,1,0.5,2.1,2.3,22.1,0.442,0.387,0.748,mccolcj01
326,T.J. McConnell,Projected,8.1,15.5,0.5,1.5,1.5,1.9,1.1,5.1,9.1,2,0.4,2.9,2.2,18.2,0.524,0.347,0.763,mccontj01
327,Kevin McCullar Jr.,Projected,5.8,12.6,1.7,4.9,2.6,3.2,1.4,7.2,3.8,1.2,0.8,1.8,3.4,15.8,0.457,0.354,0.811,mcculke01
328,Jaden McDaniels,Projected,5.5,11.3,1.5,4.2,1.4,1.8,1.5,5.7,2.2,1.4,1,1.4,3.3,13.9,0.489,0.345,0.788,mcdanja02
329,Jalen McDaniels,Projected,5.1,12.2,1.3,4.6,2.1,2.7,1.3,6,2.8,1.4,0.6,1.9,3.5,13.7,0.419,0.28,0.788,mcdanja01
330,Doug McDermott,Projected,5.4,12.5,3.6,8.9,0.9,1.3,0.6,3.2,2.3,0.6,0.2,1.2,2.9,15.4,0.437,0.41,0.702,mcderdo01
331,Bryce McGowens,Projected,4.6,10.4,1.4,4.3,2.9,3.6,1,4.7,2.6,0.9,0.5,1.6,2.8,13.5,0.442,0.335,0.784,mcgowbr01
332,Jordan McLaughlin,Projected,4.2,9.1,2.1,5.1,1.5,2,1,4.2,5.9,1.7,0.3,1.6,2,11.9,0.456,0.412,0.769,mclaujo01
333,Jack McVeigh,Projected,5.8,13.5,2.3,6.7,2,2.6,1.7,6.1,3.3,1,0.9,2,2.7,15.9,0.429,0.342,0.78,mcveija01
334,De'Anthony Melton,Projected,5.2,12.5,2.7,7.3,1.9,2.4,1.2,5.4,3.9,2,0.6,1.7,3.3,15,0.415,0.372,0.796,meltode01
335,Sam Merrill,Projected,4.8,11.7,3.7,9.8,0.9,1,1,4.2,3.1,1.2,0.3,0.9,3,14.2,0.409,0.38,0.909,merrisa01
336,Vasilije Micić,Projected,4.7,12.2,1.8,5.3,1.8,2.2,0.8,3.8,6.4,0.8,0.2,3.2,2.2,13,0.388,0.329,0.813,micicva01
337,Khris Middleton,Projected,7.1,15,2.1,5.9,2.8,3.3,0.8,6,6.4,1.3,0.4,2.7,3.3,19.1,0.473,0.36,0.843,middlkh01
338,Brandon Miller,Projected,7.5,17.2,3.3,8.9,2.4,2.9,1,5.1,3.3,1.1,0.7,2.3,2.8,20.7,0.435,0.373,0.843,millebr02
339,Emanuel Miller,Projected,6.2,13.1,1.8,5,2.6,3.2,2.2,7.3,3.9,1.3,0.6,1.8,2.9,16.8,0.477,0.353,0.809,milleem01
340,Jordan Miller,Projected,5.4,12,1.1,3.9,2.5,3.1,1.9,5.5,3.2,1.4,0.5,2.2,2.4,14.3,0.45,0.278,0.801,millejo02
341,Leonard Miller,Projected,6.8,13.8,1.7,5.2,3.3,3.9,2.1,8.4,3.7,1.4,0.8,1.9,2.7,18.6,0.491,0.32,0.849,millele01
342,Dariq Whitehead,Projected,6,13.5,3.7,8.6,1.3,1.8,1,5.4,2.8,1,0.4,2,2.9,16.9,0.44,0.431,0.734,whiteda01
343,Patty Mills,Projected,4.6,11.8,2.5,7.6,1.5,1.8,0.8,3.5,3.2,1.4,0.3,1.8,2.7,13.2,0.388,0.325,0.865,millspa02
344,Shake Milton,Projected,5.2,11.5,1.5,4.3,2.2,2.7,1.2,4.7,4.4,1,0.3,1.9,3,14,0.449,0.348,0.807,miltosh01
345,Justin Minaya,Projected,3.8,9.4,1.3,4.6,1.1,1.7,2.1,5.4,2.8,1.2,0.8,1.5,3.3,10,0.403,0.289,0.661,minayju01
346,Riley Minix,Projected,6,13,2,5.6,2.4,3.1,1.6,6.8,3.8,1.2,0.7,2,2.6,16.5,0.466,0.352,0.783,minixri01
347,Josh Minott,Projected,6.1,12.5,1.9,5.3,2.6,3.1,1.6,6.6,3,1.7,1.4,1.6,3.7,16.8,0.49,0.351,0.857,minotjo01
348,Yves Missi,Projected,5.2,9.4,0.2,0.5,2.4,3.7,4.6,11,2,0.7,1.8,1.5,2.6,13,0.552,0.357,0.647,missiyv01
349,Ajay Mitchell,Projected,5.8,11.6,1.6,4,2,2.4,1.2,4.7,4,1.5,0.4,1.8,3.7,15,0.498,0.386,0.819,mitchaj01
350,Davion Mitchell,Projected,4.3,9.2,1.6,4.2,1.1,1.5,0.7,3.2,5.8,1.1,0.3,2,3.1,11.3,0.466,0.382,0.712,mitchda01
351,Donovan Mitchell,Projected,9.3,20.6,3.6,9.6,4.8,5.7,0.9,5.1,5.6,1.6,0.4,2.5,2.3,26.9,0.452,0.369,0.837,mitchdo01
352,Evan Mobley,Projected,8,14.2,1.1,3,3.4,4.7,2.7,10.7,3.7,1,1.8,2.2,2.6,20.6,0.566,0.368,0.726,mobleev01
353,Isaiah Mobley,Projected,5.9,13.1,1.9,5.2,2.1,2.8,1.6,6.6,4.1,1.2,0.8,1.6,3.1,15.8,0.451,0.355,0.742,mobleis01
354,Jonathan Mogbo,Projected,4.7,10.3,0.7,2.4,1.8,2.4,2.9,8.6,4.1,1.5,0.9,1.9,3.6,11.8,0.45,0.28,0.744,mogbojo01
355,Malik Monk,Projected,7.3,16.5,2.6,7.6,3,3.5,0.6,4.4,6.5,1,0.7,2.8,2.8,20.2,0.444,0.338,0.854,monkma01
356,Moses Moody,Projected,5.7,12.5,2.6,6.9,2.3,2.9,1.4,4.9,2.2,1.3,0.7,1.3,2.6,16.3,0.454,0.379,0.796,moodymo01
357,Taze Moore,Projected,6.1,14.1,1.9,5.7,2.3,3.1,2.4,7.4,3.8,1.5,0.6,2.3,2.6,16.4,0.433,0.327,0.736,mooreta02
358,Wendell Moore Jr.,Projected,4.8,10.1,1.2,3.6,1.5,1.9,1.9,6.7,3.3,1.5,0.5,2,2.4,12.3,0.476,0.332,0.808,moorewe01
359,Ja Morant,Projected,9.5,20.5,2,6.4,6.1,7.5,0.9,5.3,8.4,1.4,0.3,4,2.5,27,0.462,0.313,0.811,moranja01
360,Markieff Morris,Projected,4.9,13.4,2.1,6.8,1.5,1.8,1,6,3.7,0.8,0.6,1.7,3.2,13.5,0.368,0.315,0.809,morrima02
361,Monte Morris,Projected,5.2,12,1.9,5.2,1.9,2.3,0.8,4.6,5.1,1.2,0.4,1.3,1.6,14.2,0.438,0.368,0.818,morrimo01
362,Trey Murphy III,Projected,6.8,14.8,3.2,8.4,3.4,3.9,1,5.4,3.2,1.1,0.7,1.5,2,20.2,0.461,0.377,0.871,murphtr02
363,Dejounte Murray,Projected,7.9,18,2.2,6.4,2.9,3.6,0.8,6,6.8,1.7,0.4,2.9,1.9,20.8,0.438,0.339,0.808,murrade01
364,Jamal Murray,Projected,8.1,17.2,2.5,6.2,3.1,3.6,0.8,4.2,6.3,1.3,0.5,2.2,2,21.9,0.474,0.4,0.87,murraja01
365,Keegan Murray,Projected,5.5,12.1,2.4,6.5,1.1,1.3,1.8,6.6,1.7,0.9,0.9,0.9,2.6,14.4,0.455,0.361,0.826,murrake02
366,Kris Murray,Projected,4.2,10,1.2,4.5,1.1,1.9,2.4,6.3,2.4,1.3,0.6,1.5,2.4,10.7,0.423,0.26,0.568,murrakr01
367,Svi Mykhailiuk,Projected,5.6,13.7,3.2,8.9,1.4,1.8,1.1,4.6,3.6,1,0.3,2.1,2.1,15.8,0.408,0.359,0.772,mykhasv01
368,Larry Nance Jr.,Projected,5.1,9.5,1.4,3.4,1.3,1.8,2.3,8.4,3.2,1.6,0.8,1.4,3,12.9,0.534,0.415,0.741,nancela02
369,Pete Nance,Projected,5,10.9,2.2,5.7,1.5,2,1.4,6.1,3.2,0.9,0.6,1.6,3.4,13.5,0.454,0.379,0.71,nancepe01
370,Andrew Nembhard,Projected,5.1,10.8,1.2,3.7,1.7,2.1,0.7,3.9,6.1,1.4,0.2,2.1,2.9,13,0.472,0.324,0.797,nembhan01
371,Aaron Nesmith,Projected,5.9,11.9,2.6,6.1,2.2,2.6,1.2,5.5,2,1.1,0.7,1.3,4,16.6,0.495,0.418,0.847,nesmiaa01
372,Tristen Newton,Projected,6,13.7,1.9,5.7,2.5,3.2,1.9,6.9,4.1,1.3,0.7,2.3,3.3,16.3,0.436,0.33,0.799,newtotr01
373,Georges Niang,Projected,5.8,12.8,3.2,8.3,1.1,1.3,0.8,5.6,2.3,0.6,0.3,1.6,4,15.9,0.453,0.392,0.81,niangge01
374,Daishen Nix,Projected,4.8,11.4,1.9,5.7,2,2.7,1.1,5.3,4.7,1.3,0.5,3,2.5,13.5,0.423,0.331,0.713,nixda01
375,Zeke Nnaji,Projected,4.7,9.4,1,3,2,3.1,2.5,6.3,1.9,1.3,2,1.3,4,12.4,0.496,0.326,0.667,nnajize01
376,Miles Norris,Projected,5.6,12.6,2.1,5.9,2.3,3,1.7,7.1,3.3,1.4,0.8,1.7,2.3,15.5,0.442,0.35,0.752,norrimi01
377,Jaylen Nowell,Projected,6.6,15.3,1.7,5.8,2,2.6,1.2,5,3.8,0.9,0.5,1.8,2.6,16.9,0.431,0.3,0.75,nowelja01
378,Jusuf Nurkić,Projected,5.7,11.7,0.8,2.8,2.9,4.4,3.2,13.2,4.4,1.3,1.2,3.1,4.4,15.2,0.491,0.301,0.657,nurkiju01
379,Royce O'Neale,Projected,4.4,10.7,3.1,8,0.5,0.7,1.1,6.7,3.6,1.2,0.7,1.4,3.1,12.4,0.411,0.389,0.725,onealro01
380,Jahlil Okafor,Projected,6.1,13.1,2,5.5,2.5,3.2,1.6,6.6,4.1,1.2,0.7,2.1,2.7,16.6,0.465,0.358,0.778,okafoja01
381,Chuma Okeke,Projected,4.1,9.6,1.9,5.8,1,1.4,2.3,7.2,2.7,1,0.7,1.3,1.8,11.2,0.43,0.333,0.737,okekech01
382,Josh Okogie,Projected,4.7,10.7,1.6,4.7,3.3,4.4,2.6,6.3,2.4,2.1,0.9,1.7,2.7,14.2,0.435,0.34,0.745,okogijo01
383,Onyeka Okongwu,Projected,6.5,11.2,0.8,2.3,2.8,3.6,3.8,11,2.7,1.1,1.3,1.5,3.6,16.6,0.581,0.335,0.773,okongon01
384,Isaac Okoro,Projected,4.5,9.3,1.8,4.6,1.6,2.2,1.5,4.4,2.5,1.1,0.6,1,3.1,12.3,0.483,0.382,0.716,okorois01
385,Quincy Olivari,Projected,6.2,13.6,2.1,6.3,2.4,3.1,1.6,6.3,4,1.2,0.7,2.2,2.6,16.9,0.455,0.341,0.785,olivaqu01
386,Kelly Olynyk,Projected,5.5,10.7,1.4,3.5,3.2,4,2.2,8,5.7,1.3,0.7,3.1,4.7,15.5,0.512,0.39,0.802,olynyke01
387,Kelly Oubre Jr.,Projected,6.4,14.1,1.5,5,2.7,3.6,1.6,6.2,1.9,1.5,0.6,1.5,3.2,17,0.455,0.304,0.751,oubreke01
388,Chris Paul,Projected,4.3,10.1,2,5.6,1.4,1.6,0.5,4.8,9,1.6,0.3,2,2.5,12,0.423,0.364,0.874,paulch01
389,Cameron Payne,Projected,5.9,14.3,2.9,7.8,1.7,2,0.6,3.6,6.2,1.2,0.5,1.9,3.5,16.4,0.414,0.368,0.862,payneca01
390,Elfrid Payton,Projected,3.6,9.8,0.5,1.7,0.8,1.2,1.2,5.8,9.7,1.6,0.8,3.7,2.6,8.6,0.372,0.321,0.712,paytoel01
391,Gary Payton II,Projected,6.2,11.1,1.2,3.7,1.1,1.6,2.1,6.8,3.1,1.9,0.7,1.6,4.1,14.7,0.553,0.34,0.708,paytoga02
392,Drew Peterson,Projected,4.8,10.4,2.4,6.1,1.9,2.4,1.7,7.1,3.2,1.2,0.5,1.8,3.1,13.8,0.457,0.392,0.782,peterdr01
393,Julian Phillips,Projected,4.4,9.6,1.7,4.9,2,2.5,2,5.5,1.6,1.2,0.7,1,3.4,12.4,0.458,0.341,0.786,phillju01
394,Jalen Pickett,Projected,4.6,10.4,2.2,5.6,0.8,1,0.9,4.4,5.5,1.1,0.3,1.5,2.3,12.2,0.441,0.39,0.769,pickeja02
395,Scotty Pippen Jr.,Projected,6.3,12.9,1.9,4.8,2.7,3.7,1.4,5.6,7.1,2.2,0.7,3,4.1,17.1,0.486,0.402,0.726,pippesc02
396,Daeqwon Plowden,Projected,6.8,13.1,2.8,6.5,2.1,2.6,1.8,6.3,3.1,0.9,0.5,2.1,3.4,18.4,0.519,0.429,0.806,plowdda01
397,Mason Plumlee,Projected,4.2,7,0.2,0.5,2.7,4.1,3.2,11.9,3.6,0.9,1.1,1.8,4,11.2,0.593,0.278,0.659,plumlma01
398,Brandin Podziemski,Projected,5.7,12.4,2.2,5.6,1.4,1.9,1.7,7.3,4.8,1.4,0.3,1.6,2.1,15,0.461,0.386,0.736,podzibr01
399,Jakob Poeltl,Projected,7.4,11.9,0.1,0.4,2,3.1,3.9,11.4,3.5,1.3,1.6,2.3,3.8,16.9,0.621,0.356,0.641,poeltja01
400,Jordan Poole,Projected,8,18.5,3.6,9.9,4,4.5,0.6,3.6,5.4,1.4,0.5,3.3,3.5,23.5,0.431,0.363,0.878,poolejo01
401,Craig Porter Jr.,Projected,5.8,11.3,1.3,3.2,2,2.7,1.3,5.5,5.4,1.2,0.9,2.5,2,14.8,0.51,0.406,0.74,portecr01
402,Kevin Porter Jr.,Projected,7.1,15.6,1.6,4.8,3.2,4.2,1.1,6.6,6.1,1.8,0.4,3.2,2.8,19,0.456,0.334,0.777,porteke02
403,Michael Porter Jr.,Projected,7.4,14.8,2.9,7.2,1.9,2.4,1.7,7.6,2.1,0.7,0.6,1.4,2.2,19.4,0.497,0.398,0.785,portemi01
404,Bobby Portis,Projected,8,16.5,1.8,4.9,1.8,2.3,2.6,11.3,2.5,1,0.6,1.7,2.9,19.6,0.482,0.378,0.804,portibo01
405,Kristaps Porziņģis,Projected,8.1,16.5,2.6,6.7,5,6.1,2,8.5,2.7,0.9,1.9,1.8,3.4,24,0.493,0.393,0.831,porzikr01
406,Quinten Post,Projected,6.5,14.2,3.5,8.6,1.4,1.8,1.8,7.6,3.2,0.9,0.9,1.8,4,17.9,0.458,0.407,0.784,postqu01
407,Micah Potter,Projected,3.6,8.1,1.7,5,1.2,1.4,2.1,8.1,2,0.8,0.8,1.6,2.6,10.1,0.445,0.338,0.813,pottemi01
408,Dwight Powell,Projected,3.6,5.7,0.3,0.8,2.3,3.4,3.3,7.9,3.3,1.1,1,1.4,4.7,9.8,0.629,0.353,0.683,poweldw01
409,Norman Powell,Projected,7.7,16.1,3.1,7.4,3.5,4.4,0.4,3.7,2.1,1.1,0.3,1.8,2.3,22,0.479,0.415,0.807,powelno01
410,Taurean Prince,Projected,4.2,9.3,2.4,5.7,0.9,1.1,0.5,4.5,2.5,1.1,0.4,1.4,2.7,11.6,0.451,0.416,0.787,princta02
411,Payton Pritchard,Projected,6.3,13.4,3.6,9,1.1,1.4,1.5,5,4.7,1,0.2,1.4,2,17.3,0.469,0.4,0.832,pritcpa01
412,Olivier-Maxence Prosper,Projected,4.8,11.2,1.1,3.8,3,4.4,2.6,7.8,2.8,1.4,0.5,1.1,2,13.6,0.423,0.288,0.678,prospol01
413,Zyon Pullin,Projected,6.2,13.3,2,5.5,2.5,3.2,1.7,6.6,4,1.2,0.7,2.1,2.7,16.9,0.468,0.368,0.785,pullizy01
414,Trevelin Queen,Projected,4.8,12.1,1.7,5.9,1.8,2.2,1.9,5.1,3.5,2.1,0.9,1.9,3.1,13.2,0.4,0.291,0.818,queentr01
415,Neemias Queta,Projected,5.9,9.6,0.3,0.9,2,2.7,3.7,9.9,2.2,0.9,1.7,1.7,4.3,14.1,0.618,0.328,0.752,quetane01
416,Immanuel Quickley,Projected,7,16.1,3.1,7.9,3.8,4.5,0.6,4.9,6.2,1,0.2,2,2.3,20.9,0.436,0.387,0.853,quickim01
417,Lester Quiñones,Projected,5.9,13.8,2.5,7.4,2.2,2.9,1.5,5.7,4,0.8,0.4,2.1,3.4,16.5,0.425,0.343,0.773,quinole01
418,Julius Randle,Projected,7.7,16.3,1.9,5.6,4.6,5.8,2.2,8.4,5,0.7,0.3,3.2,2.9,21.9,0.474,0.335,0.789,randlju01
419,Duop Reath,Projected,6.2,13.8,2.5,7.3,1.9,2.4,2.8,7.1,2.3,1,1.1,1.5,3.9,16.8,0.448,0.342,0.793,reathdu01
420,Austin Reaves,Projected,6.5,13.7,2.5,6.6,4.1,4.7,0.9,4.7,5.8,1,0.3,2.4,2.1,19.5,0.473,0.376,0.869,reaveau01
421,Cam Reddish,Projected,3.5,8.3,1.2,3.8,1.5,2.1,1.1,4.1,1.9,1.8,0.6,1.1,2.5,9.7,0.422,0.322,0.735,reddica01
422,Paul Reed,Projected,6,11.3,0.7,1.9,1.9,2.6,3.9,10.5,2.9,2,1.9,1.8,4.9,14.5,0.529,0.34,0.75,reedpa01
423,Alex Reese,Projected,5.2,10.9,2.3,6.3,2,2.5,1.6,7.3,2.1,1.5,1.3,1.5,3.2,14.7,0.478,0.367,0.77,reeseal01
424,Antonio Reeves,Projected,6.2,13.5,2.7,6.7,1.7,2.2,1.1,4.1,2.5,1.2,0.3,1.7,2.3,16.9,0.464,0.395,0.798,reevean01
425,Naz Reid,Projected,7.2,15.2,2.9,7.3,2,2.6,1.5,7.9,2.7,1,1.2,1.9,3.2,19.3,0.475,0.39,0.759,reidna01
426,Jared Rhoden,Projected,6,12.4,1.8,5.4,2.5,3,1.6,6.3,2.8,1.2,0.8,1.5,3.3,16.2,0.482,0.34,0.829,rhodeja01
427,Nick Richards,Projected,5.7,9.3,0.1,0.4,3.2,4.2,3.8,12,1.4,0.5,1.5,2,3.8,14.7,0.612,0.333,0.744,richani01
428,Josh Richardson,Projected,5,11.7,2.1,6.1,1.7,1.9,0.9,4.2,3.5,1.2,0.5,1.6,2.8,13.7,0.426,0.342,0.885,richajo01
429,Zaccharie Risacher,Projected,7.1,15,2.4,6.6,2.2,3,1.7,5.5,2,1.1,0.7,1.8,2.8,18.9,0.475,0.37,0.73,risacza01
430,Liam Robbins,Projected,5,11.2,1.5,4.5,2.7,4,2.4,6.9,3.3,1.2,0.9,2.5,3.5,14.2,0.446,0.338,0.671,robbili01
431,Duncan Robinson,Projected,5.8,13.1,3.6,9.3,1.2,1.4,0.4,3.5,3.5,0.8,0.2,1.8,2.9,16.3,0.438,0.388,0.874,robindu01
432,Mitchell Robinson,Projected,4.4,7.4,0.3,0.8,1.6,2.9,5.7,11.6,1.6,1.6,1.9,1.3,3,10.6,0.59,0.365,0.554,robinmi01
433,Orlando Robinson,Projected,5.4,11.6,1,2.7,2.5,3.2,3.7,9.8,3.7,0.9,0.8,2.2,4.3,14.2,0.463,0.357,0.772,robinor01
434,Jeremiah Robinson-Earl,Projected,4.9,10.5,1.7,4.8,1.5,1.8,3,8.8,2.6,1.1,0.3,1.5,2.4,12.9,0.464,0.347,0.821,robinje02
435,David Roddy,Projected,5.3,12,1.7,5.3,1.7,2.3,1.5,6.7,2.7,1,0.6,1.8,2.2,13.9,0.439,0.316,0.73,roddyda01
436,Ryan Rollins,Projected,6,12.1,2.1,5.2,2,2.4,1.1,5.2,4.6,1.9,0.8,2.4,3.6,16.1,0.494,0.414,0.8,rolliry01
437,Jackson Rowe,Projected,6,12.9,2,5.9,2.4,3.4,1.8,6.8,3.7,1.6,0.6,1.8,2.8,16.5,0.467,0.343,0.699,roweja01
438,Terry Rozier,Projected,6.5,15.6,2.3,7,2.4,2.9,0.9,4.8,4.6,1,0.3,1.8,1.8,17.6,0.413,0.322,0.847,roziete01
439,Rayan Rupert,Projected,4.5,10.8,1.5,4.7,1.7,2.2,1.8,5.7,2.9,1.1,0.3,2,2.9,12.2,0.415,0.33,0.779,ruperra01
440,D'Angelo Russell,Projected,6.6,15.4,2.9,8.1,2.7,3.2,0.5,3.8,6.9,1.2,0.5,2.5,2.5,18.7,0.427,0.361,0.828,russeda01
441,Matt Ryan,Projected,5.2,12.5,3,7.7,1.6,2,0.8,4.7,2.5,0.8,0.3,1.7,2.6,15.2,0.421,0.395,0.842,ryanma01
442,Domantas Sabonis,Projected,7.7,13.1,0.8,1.9,3.4,4.7,3.7,13.7,6.9,0.8,0.5,3.1,3.3,19.6,0.588,0.402,0.735,sabondo01
443,Tidjane Salaün,Projected,3.8,10.3,1.8,5.8,2.1,2.8,2,8.2,2.4,0.9,0.5,1.7,2.4,11.4,0.366,0.305,0.736,salauti01
444,Adama Sanogo,Projected,6.7,13.4,1.5,4,2.6,3.5,3.7,9,3.2,1,0.6,2.1,2.6,17.4,0.498,0.372,0.757,sanogad01
445,Gui Santos,Projected,4.5,9.4,1.7,5,1.7,2.3,3.2,8.1,3.8,1.2,0.5,1.9,4,12.4,0.476,0.349,0.752,santogu01
446,Dario Šarić,Projected,5.5,12.2,2,5.7,2.3,2.9,2.3,8.6,4.2,1.1,0.4,2.5,3.6,15.3,0.447,0.357,0.815,saricda01
447,Alex Sarr,Projected,6.7,16.1,2.1,6.6,2.3,3.3,2.5,8.7,3.4,0.9,2,2.2,2.8,17.8,0.414,0.326,0.7,sarral01
448,Marcus Sasser,Projected,6.1,13.3,2.5,6.5,1.8,2.2,0.7,3.6,5.9,1.4,0.3,2.3,2.9,16.5,0.455,0.383,0.848,sassema01
449,Baylor Scheierman,Projected,4.5,11.2,2.3,7,1.4,1.8,1.8,6.3,3.4,1.5,0.4,1.4,2.3,12.7,0.401,0.333,0.771,scheiba01
450,Dennis Schröder,Projected,5.7,13.7,2,5.8,3,3.5,0.5,3.5,6.6,1,0.2,2.3,2.8,16.3,0.415,0.348,0.835,schrode01
451,Alperen Şengün,Projected,8.7,16.7,0.5,1.6,4.3,6.1,3.7,11.4,5.5,1.3,0.9,2.8,3.3,22.2,0.52,0.285,0.704,sengual01
452,Brice Sensabaugh,Projected,6.8,14.6,3.6,8.6,1.9,2.1,1.1,5.7,3,1.1,0.3,2.6,2.7,18.9,0.462,0.414,0.884,sensabr01
453,Collin Sexton,Projected,8.5,17.4,2.2,5.5,4.8,5.5,1.3,3.7,5.7,1,0.2,3,2.9,23.9,0.485,0.401,0.858,sextoco01
454,Landry Shamet,Projected,5.4,12.1,2.8,7.4,1.3,1.6,0.7,3.4,2.2,1.1,0.3,1.3,2.9,14.8,0.445,0.376,0.779,shamela01
455,Terrence Shannon Jr.,Projected,6,12.5,1.5,4,2.1,2.6,1.3,5.6,3.6,0.9,0.6,1.7,2.8,15.6,0.483,0.362,0.802,shannte01
456,Day'Ron Sharpe,Projected,6.6,12.3,0.5,1.7,2.5,3.6,5.7,13.2,3.5,1.4,1.6,2.5,4.5,16.2,0.538,0.298,0.702,sharpda01
457,Shaedon Sharpe,Projected,7.6,16.5,2.3,7,3,3.8,1.2,5.4,3.2,1,0.3,2.3,2.2,20.5,0.459,0.331,0.796,sharpsh01
458,Jamal Shead,Projected,5.2,12.4,1.8,5.4,1.5,1.9,0.8,3.3,7.5,1.4,0.3,2.7,3.7,13.8,0.421,0.336,0.777,sheadja01
459,Ben Sheppard,Projected,3.9,9.2,2.1,6,1,1.1,1.2,5.1,2.6,1.2,0.4,0.8,3.6,10.9,0.427,0.343,0.864,sheppbe01
460,Reed Sheppard,Projected,5.1,13.1,2.6,7.3,1.1,1.4,1.1,4.9,4.2,1.8,0.9,2,2.8,13.9,0.388,0.354,0.805,sheppre01
461,Pascal Siakam,Projected,8.7,16.8,1.5,4.2,3.5,4.8,1.9,7.5,4.2,0.9,0.5,1.8,2.7,22.4,0.515,0.369,0.738,siakapa01
462,Ben Simmons,Projected,4.1,7.9,0.2,0.6,0.9,1.4,1.7,8.2,8.5,1.3,0.8,3.1,3.5,9.3,0.522,0.359,0.66,simmobe01
463,Anfernee Simons,Projected,7.7,17.7,3.4,9.1,3,3.3,0.5,3.3,5.3,0.8,0.1,2.3,2,21.7,0.434,0.373,0.9,simonan01
464,KJ Simpson,Projected,4.8,12.9,1.5,5.5,1.9,2.3,1.7,5.1,4.7,1.4,0.3,2.3,2.4,13.1,0.376,0.279,0.817,simpskj01
465,Jaylen Sims,Projected,5.3,11.6,2,5.3,3.1,3.9,1.4,4.7,3.9,1.1,0.6,2.3,2.9,15.6,0.457,0.377,0.791,simsja01
466,Jericho Sims,Projected,3.1,5.2,0.3,0.7,0.9,1.3,3.6,10.1,2,0.6,1.1,1.6,3.4,7.4,0.602,0.364,0.697,simsje01
467,Marcus Smart,Projected,5.4,13.1,2.4,7.1,2.5,3.3,0.9,3.9,5.7,2,0.5,2.9,3,15.7,0.412,0.336,0.76,smartma01
468,Dru Smith,Projected,4.8,10,2,4.6,1.5,2,1.6,5.3,3.6,2.2,0.8,2,3.6,13.2,0.48,0.44,0.779,smithdr01
469,Jabari Smith Jr.,Projected,5.5,12.2,2.1,5.7,2.3,2.8,2.1,8.8,1.6,0.7,0.9,1.3,2.7,15.4,0.453,0.363,0.821,smithja05
470,Jalen Smith,Projected,7.3,14.5,2.4,6.7,2.7,3.5,3.4,12.1,2.5,0.7,1.5,1.5,3.7,19.7,0.506,0.349,0.77,smithja04
471,Nick Smith Jr.,Projected,6,14.6,2.8,7.6,1.2,1.3,0.6,3.8,3.8,0.5,0.3,2,2.2,16,0.411,0.371,0.899,smithni01
472,Tolu Smith,Projected,6.7,13.5,1.8,4.9,2.6,3.4,2.3,7.4,3.5,1.1,0.7,2.2,3,17.9,0.499,0.366,0.765,smithto05
473,Tyler Smith,Projected,6.8,13.9,2.9,6.9,2.3,2.9,1.8,7.1,2.9,1.1,0.9,2.2,2.9,18.7,0.487,0.413,0.778,smithty02
474,Jeremy Sochan,Projected,6.3,12.7,1,3.1,2.2,2.9,2.8,8.6,3.8,1.1,0.7,2.2,3.1,15.8,0.499,0.319,0.735,sochaje01
475,Cam Spencer,Projected,5.5,12.3,2.5,6.7,2.7,2.9,1.7,5.3,4.6,1.3,0.4,1.4,3,16.1,0.443,0.369,0.905,spencca01
476,Pat Spencer,Projected,5.9,13.8,1.2,4.1,1.9,2.5,2,6.6,5.8,1.6,0.5,2.4,2.8,14.9,0.429,0.293,0.756,spencpa01
477,Jaden Springer,Projected,4.4,10.4,1.2,4.4,2.6,3.4,1.9,6,3.4,2.2,0.7,1.9,4,12.7,0.426,0.278,0.767,sprinja01
478,Isaiah Stevens,Projected,6.1,13.3,2,5.6,2.5,3.1,1.6,6.9,3.9,1.4,0.7,2,2.6,16.6,0.459,0.352,0.784,steveis01
479,Lamar Stevens,Projected,6.1,13.4,1.3,4.1,2.2,2.9,1.7,7.6,2.1,1.2,0.9,1.6,2.9,15.7,0.457,0.32,0.758,stevela01
480,Isaiah Stewart,Projected,4.7,9.1,1,2.8,1.8,2.4,2.8,9.3,2.7,0.7,1.9,1.7,3.7,12.3,0.524,0.361,0.763,stewais01
481,Julian Strawther,Projected,5.6,13,2.5,7.1,1.9,2.4,0.5,4.1,2.5,1.1,0.5,1.5,3.7,15.7,0.435,0.349,0.809,strawju01
482,Max Strus,Projected,4.9,11.4,2.9,8,1.1,1.4,1.2,5.6,4.2,0.9,0.4,1.6,2.8,13.8,0.429,0.366,0.812,strusma01
483,Jalen Suggs,Projected,6.5,14.6,2.6,7.4,2.8,3.4,1,4.8,4.2,1.8,1,2.9,3.5,18.4,0.444,0.357,0.822,suggsja01
484,Cole Swider,Projected,5.5,13.5,2.8,8.3,1.2,1.6,1.2,5.8,2.3,0.9,0.6,1.6,2.5,15.1,0.41,0.338,0.749,swideco01
485,Jae'Sean Tate,Projected,4.4,9.4,1,3.1,1.7,2.4,2.5,6.9,2.9,1.5,0.5,1.5,4.7,11.6,0.471,0.329,0.698,tateja01
486,Jayson Tatum,Projected,9.1,19.7,3.3,9.2,5.3,6.4,0.8,8.4,5.4,1,0.6,2.7,2.1,26.7,0.461,0.355,0.825,tatumja01
487,Terry Taylor,Projected,5.3,10.9,1.2,3.7,1.8,2.3,2.5,6.7,3.1,1,0.6,1.7,3,13.6,0.487,0.337,0.766,taylote01
488,Garrett Temple,Projected,4,10.8,1.4,5,2,2.4,1.6,5.3,4.1,1.9,0.5,1.8,3.4,11.5,0.373,0.287,0.827,templga01
489,Dalen Terry,Projected,4.5,9.9,1.3,4,1.8,2.6,1.5,5.2,3.8,1.6,0.7,1.8,4,12.2,0.459,0.336,0.702,terryda01
490,Daniel Theis,Projected,4.7,9.4,0.9,2.7,1.7,2.2,2.6,8.7,3,0.9,1.4,1.6,4.1,11.9,0.493,0.312,0.789,theisda01
491,Cam Thomas,Projected,8.9,19.9,2.7,7.4,5.3,6.2,0.6,4,3.8,0.8,0.2,2.4,2.2,25.9,0.45,0.365,0.868,thomaca02
492,Amen Thompson,Projected,6.4,11.5,0.5,1.7,2.8,4,3.3,9.5,4.3,1.7,1.3,2.2,2.9,16,0.556,0.27,0.698,thompam01
493,Ausar Thompson,Projected,6.3,12,0.5,2,2.2,3.4,2.9,8.6,3.4,2.2,1.2,2,4.1,15.3,0.523,0.242,0.648,thompau01
494,Klay Thompson,Projected,7.1,16.9,4,10.3,1.6,1.7,0.7,4.4,2.7,0.9,0.5,1.8,1.8,19.7,0.417,0.385,0.897,thompkl01
495,Tristan Thompson,Projected,4.5,9,0.4,1.3,1.2,3.3,3.5,11.6,3.1,0.6,1,1.8,3.7,10.6,0.495,0.313,0.364,thomptr01
496,JT Thor,Projected,4.2,9.3,1.3,3.9,1.4,2.1,2.1,6.7,1.7,0.9,1.1,1.2,2.6,11.1,0.447,0.342,0.698,thorjt01
497,Matisse Thybulle,Projected,3.9,8.9,2,5.4,0.8,1.2,1.1,4.4,2.5,2.8,1.1,1.2,2.3,10.5,0.435,0.371,0.669,thybuma01
498,Xavier Tillman Sr.,Projected,4.5,10.1,0.8,3.3,1.1,2,2.4,7.7,2.7,1.7,1.2,1.6,2.8,10.9,0.441,0.248,0.58,tillmxa01
499,Drew Timme,Projected,6.4,14,1.6,5.2,1.9,2.7,2.1,8.3,3.3,0.8,0.4,2.1,2.9,16.2,0.457,0.306,0.704,timmedr01
500,Nae'Qwan Tomlin,Projected,6.6,14.7,1.8,5.6,3.1,4.1,2.6,8.2,3.2,0.9,0.7,1.8,3.4,18.2,0.452,0.321,0.762,tomlina01
501,Jacob Toppin,Projected,5.6,12.1,2.1,5.2,1.8,2.2,1.7,6.8,3.6,1.1,0.5,1.8,2.4,15.1,0.464,0.398,0.798,toppija01
502,Obi Toppin,Projected,7.1,13.3,2.4,6.5,1.9,2.5,1.5,7.1,2.9,1,0.7,1.5,2.7,18.6,0.535,0.375,0.78,toppiob01
503,Karl-Anthony Towns,Projected,8.8,17,2.1,5.2,4.6,5.5,2.6,11.6,3.3,0.9,0.7,2.9,3.6,24.3,0.515,0.412,0.839,townska01
504,Armel Traoré,Projected,5.5,12.4,1.5,5,2.1,3.4,1.5,7.1,3,1.5,0.8,1.9,2.8,14.6,0.441,0.292,0.632,armeltr01
505,Luke Travers,Projected,4.9,11.5,1.3,4.9,2,2.4,2.3,7.2,3.8,1,0.6,2.5,2.6,13,0.422,0.274,0.81,travelu01
506,Gary Trent Jr.,Projected,5.9,13.7,3.2,8,1.6,2,0.5,3.4,1.9,1.4,0.2,0.9,2.1,16.8,0.433,0.404,0.822,trentga02
507,Oscar Tshiebwe,Projected,6.2,11.5,0.8,2.1,3.1,4.1,4.7,13.2,2.3,1.6,0.4,1.6,3.1,16.3,0.54,0.364,0.757,tshieos01
508,P.J. Tucker,Projected,2.5,6,1.2,3.3,0.8,0.9,1.8,5.8,1.6,0.9,0.5,1,3.7,7.1,0.424,0.375,0.798,tuckepj01
509,Myles Turner,Projected,7.1,14.2,2.3,6.1,3.5,4.5,1.6,8.2,1.9,0.8,2.4,2,3.4,19.9,0.499,0.382,0.774,turnemy01
510,Hunter Tyson,Projected,4.8,11.7,2.1,6.5,2,2.6,2,7,2.4,1,0.6,1.5,3.7,13.7,0.412,0.326,0.765,tysonhu01
511,Jaylon Tyson,Projected,5.5,12.2,1.7,4.8,1.8,2.3,2.6,7.5,3.7,1.1,0.4,2,3.6,14.6,0.45,0.359,0.794,tysonja01
512,Stanley Umude,Projected,4.7,11.5,2.1,5.9,2.5,3.1,1.4,6.5,2.5,1.1,1.2,1.7,3.6,14.1,0.409,0.365,0.811,umudest01
513,Jonas Valančiūnas,Projected,7.8,14.3,0.5,1.7,3.2,3.8,3.9,13.8,3.5,0.7,1.1,2.6,4.2,19.2,0.543,0.294,0.835,valanjo01
514,Jarred Vanderbilt,Projected,4.3,8.4,0.7,2.3,1.6,2.5,3.3,10.2,2.9,1.9,0.5,1.8,3.5,10.8,0.508,0.317,0.652,vandeja01
515,Fred VanVleet,Projected,5.3,13.5,2.8,7.9,2.3,2.8,0.5,3.9,6.4,1.5,0.6,1.6,2.5,15.8,0.393,0.356,0.838,vanvlfr01
516,Devin Vassell,Projected,7.5,16.4,2.8,7.5,2.1,2.6,0.6,4.6,3.8,1.4,0.5,1.7,1.7,19.9,0.459,0.376,0.798,vassede01
517,Gabe Vincent,Projected,4.2,10.3,2.4,7,0.7,0.9,0.6,2.6,2.6,1.2,0.3,1.2,3.4,11.4,0.403,0.341,0.77,vincega01
518,Nikola Vučević,Projected,8.2,16.2,1.7,4.8,1.7,2.2,2.7,11.1,3.8,0.9,0.8,1.8,2.6,19.9,0.505,0.358,0.807,vucevni01
519,Tristan Vukcevic,Projected,8,16,2.5,6.9,3.5,4.5,1.8,8.7,3.1,0.9,1.5,2.6,3.9,22,0.497,0.37,0.785,vukcetr01
520,Dean Wade,Projected,3.4,8.1,2.3,6.3,0.7,1.1,1.4,7,2.1,1.2,0.7,0.8,3,9.8,0.42,0.368,0.647,wadede01
521,Franz Wagner,Projected,8.9,18.6,1.8,5.7,4.5,5.2,1.1,6,4.7,1.3,0.4,2.3,2.6,24,0.478,0.308,0.864,wagnefr01
522,Moritz Wagner,Projected,8.2,14.5,1.4,4.1,4.4,5.7,2.6,8.8,2.7,1.2,0.6,2.6,3.8,22.2,0.564,0.344,0.774,wagnemo01
523,Jabari Walker,Projected,5.5,11.1,1.2,3.4,2.6,3.5,2.9,10.2,1.9,1.2,0.4,1.5,3.7,14.7,0.491,0.352,0.739,walkeja01
524,Jarace Walker,Projected,5.4,11.2,2.3,5.6,1.5,2.1,0.9,7,3.6,1.6,0.8,2.2,3.3,14.5,0.476,0.411,0.708,walkeja02
525,Lonnie Walker IV,Projected,6.9,16,3.2,8.7,1.9,2.4,0.6,4.6,3.1,1,0.6,1.8,2.3,19,0.432,0.37,0.798,walkelo01
526,Cason Wallace,Projected,4.7,9.6,1.7,4.3,0.7,0.9,1.3,4.5,3.2,2.1,0.7,1.1,2.7,11.8,0.491,0.389,0.806,wallaca01
527,Keaton Wallace,Projected,5.1,12,2,5.8,1.2,1.4,0.8,4.4,5.4,1.8,0.7,2.3,2.8,13.4,0.423,0.34,0.875,wallake01
528,Jordan Walsh,Projected,3.7,8.9,1.5,5,1.2,1.7,2,6.6,2.4,1.2,0.9,1.6,2.8,10.2,0.42,0.309,0.699,walshjo01
529,Ja'Kobe Walter,Projected,5.5,12.8,2.2,6,2.3,2.8,1.9,5.6,2.9,1.4,0.4,1.6,3,15.4,0.427,0.364,0.802,walteja01
530,Kel'el Ware,Projected,6.7,11.9,1,3.1,1.3,1.9,2.9,11.7,1.8,1,1.7,1.5,2.7,15.7,0.557,0.336,0.715,wareke01
531,P.J. Washington,Projected,6,13.3,2,5.6,2.3,3.2,1.5,7.6,2.6,1.2,1.1,2,2.7,16.2,0.449,0.354,0.718,washipj01
532,TyTy Washington Jr.,Projected,5.3,13.3,1.6,5.8,1.6,2.3,1.2,5.1,4.2,1.2,0.3,1.5,2.1,13.8,0.396,0.282,0.691,washity02
533,Lindy Waters III,Projected,4.8,12,3.1,8.6,0.7,0.9,1,5.3,2.7,1.1,0.6,1.1,2.9,13.5,0.4,0.361,0.772,waterli01
534,Trendon Watford,Projected,6.5,13.1,1.2,3.3,3.3,4.3,1.7,7,4.2,1.1,0.6,2.8,3.8,17.6,0.497,0.359,0.772,watfotr01
535,Anton Watson,Projected,6.3,13.5,1.8,5.1,2.3,2.9,1.7,6.5,3.9,1.3,0.7,2.2,3,16.7,0.47,0.353,0.783,watsoan02
536,Peyton Watson,Projected,4.8,10,1.1,3.3,2,2.9,1.2,5.6,2.2,1.1,2,1.3,2.8,12.8,0.483,0.346,0.7,watsope01
537,Jaylen Wells,Projected,5.3,12,2.5,6.8,2,2.5,1.6,5,2.6,0.8,0.2,1.3,2.5,15,0.44,0.364,0.824,wellsja01
538,Victor Wembanyama,Projected,9.6,19.8,2.9,8.1,4.2,5.2,2.3,12.3,4.3,1.4,4.1,3.7,2.5,26.2,0.483,0.355,0.822,wembavi01
539,Blake Wesley,Projected,4.5,10,0.9,3,2.1,3.2,0.9,4,6.1,1.6,0.4,2.6,2.9,12.1,0.453,0.307,0.665,weslebl01
540,Russell Westbrook,Projected,6.5,14.8,1.5,4.7,2.7,4,1.8,6.7,7.5,1.7,0.6,4,3.1,17.2,0.441,0.307,0.663,westbru01
541,Phillip Wheeler,Projected,5.5,14.1,1.6,6.1,2.4,2.9,1.7,6.7,3.5,1.2,0.9,1.8,2.3,15.1,0.394,0.268,0.812,wheelph02
542,Coby White,Projected,7.1,15.6,2.9,7.8,3.4,3.9,0.5,4.3,4.9,0.9,0.2,2.3,2.3,20.6,0.457,0.377,0.882,whiteco01
543,Derrick White,Projected,5.8,13.1,3.3,8.6,2,2.4,0.9,4.8,5.1,1,1.2,1.8,2.2,17,0.447,0.383,0.855,whitede01
544,Cam Whitmore,Projected,8.1,17.5,2.9,7.9,2.7,3.6,1.7,7,2.2,1.3,0.6,1.9,2.2,21.8,0.464,0.37,0.737,whitmca01
545,Aaron Wiggins,Projected,6.9,13.6,2.4,5.9,1.6,2,1.7,6,2.8,1.3,0.4,1.5,2.3,17.7,0.504,0.4,0.818,wiggiaa01
546,Andrew Wiggins,Projected,7.1,15.7,2.3,6.1,3.2,4.3,1.8,5.6,2.8,1.1,0.9,1.8,2.3,19.6,0.45,0.369,0.754,wiggian01
547,Alondes Williams,Projected,6.5,13.5,2,5.6,2.5,3.1,1.5,6.2,3.9,1.1,0.8,2.2,2.8,17.4,0.479,0.364,0.792,willial06
548,Brandon Williams,Projected,7,14,1.8,4.7,3.7,4.6,1.1,4.8,5.3,1.5,0.5,2.6,2.4,19.5,0.499,0.377,0.81,willibr03
549,Cody Williams,Projected,3.4,9.3,1.3,4.7,1.2,1.6,1,4.3,2.3,0.9,0.6,1.5,3.1,9.3,0.364,0.287,0.751,willico04
550,Grant Williams,Projected,4.5,9.9,2.1,5.5,2,2.5,1.5,5.8,2.9,0.9,0.7,1.8,3.6,13.1,0.456,0.377,0.784,willigr01
551,Jalen Williams,Projected,8.7,17.2,1.8,4.8,3.4,4.3,0.9,5.6,5.4,1.6,0.7,2.2,2.6,22.8,0.509,0.386,0.802,willija06
552,Jaylin Williams,Projected,4.5,10.1,2.5,6.2,1.4,1.7,1.9,10.6,4.9,1.1,1.1,1.5,3.6,12.8,0.447,0.397,0.78,willija07
553,Jeenathan Williams,Projected,6.7,14,1.5,5,1.9,2.7,1.8,5.2,2.9,1.5,0.7,2.4,3.2,16.7,0.478,0.305,0.689,willije02
554,Kenrich Williams,Projected,5.2,11,2,5.2,0.8,1.2,2.1,7.4,3.2,1.3,0.4,1.3,3.5,13.3,0.478,0.383,0.681,willike04
555,Mark Williams,Projected,7.9,13.1,0.2,0.6,3.7,4.8,4.1,13.1,3,1.1,1.6,2,3.2,19.8,0.606,0.32,0.787,willima07
556,Patrick Williams,Projected,4.9,11.5,2.1,5.5,1.5,2,1.2,5.5,2.6,1.2,0.9,1.8,2.2,13.4,0.428,0.376,0.764,willipa01
557,Robert Williams,Projected,5.5,9.1,0.5,1.4,1.7,2.2,3.3,10.9,2.5,1.3,2.4,1.8,3.2,13.2,0.6,0.355,0.793,williro04
558,Vince Williams Jr.,Projected,4.7,10.9,2,5.9,2.2,2.7,1.6,7.2,4.2,1.1,0.7,2.3,3.2,13.6,0.436,0.334,0.8,willivi01
559,Ziaire Williams,Projected,5.2,12.4,2.3,6.8,2.3,2.8,1.4,6.6,2.3,1.4,0.6,1.8,3.3,15.1,0.421,0.339,0.823,willizi02
560,Zion Williamson,Projected,10.8,18.8,0.3,0.8,5.9,8.6,2.5,7.7,6,1.4,0.9,3.3,2.9,27.8,0.572,0.33,0.69,willizi01
561,Jalen Wilson,Projected,4.5,10.9,2.1,6,2.4,2.9,1.5,5.3,2.7,0.7,0.2,1.4,2.8,13.5,0.412,0.343,0.821,wilsoja03
562,James Wiseman,Projected,6.6,11.5,0.4,1.2,2.6,3.6,3.2,10.3,2.1,0.5,1.2,2.1,4.2,16.3,0.577,0.329,0.733,wisemja01
563,Isaiah Wong,Projected,5.9,13.9,1.9,4.9,3.1,4.1,1.8,5.2,3.9,1.4,0.3,2.3,2.8,16.8,0.424,0.381,0.754,wongis01
564,Delon Wright,Projected,3.5,8.8,1.3,4,1.4,1.9,1.4,4.4,4.8,2.1,0.6,1.2,1.7,9.6,0.395,0.314,0.74,wrighde01
565,Guerschon Yabusele,Projected,5.4,10.9,2,5.2,1.9,2.7,2.5,7.4,2.9,1.1,0.5,1.7,3.1,14.7,0.495,0.376,0.727,yabusgu01
566,Jahmir Young,Projected,6.1,12.2,1.9,5.1,2.5,3.1,1.6,6.2,4.5,1.1,0.6,2,2.7,16.6,0.498,0.376,0.81,youngja05
567,Trae Young,Projected,7.7,18.2,2.9,8.2,6.5,7.4,0.5,3.2,11,1.2,0.2,4.4,1.9,24.7,0.421,0.35,0.871,youngtr01
568,Ivica Zubac,Projected,7.5,12,0.1,0.2,2.3,3.3,4,13.2,2.6,0.7,1.3,1.7,2.7,17.4,0.626,0.365,0.684,zubaciv01