R#,ADP,PLAYER,POS,TEAM,GP,MPG,FG%,FT%,3PM,PTS,TREB,AST,STL,BLK,TO,TOTAL
1,2,Nikola Jokic,C,DEN,74,35.7,0.579(10.9/18.9),0.808(4.9/6.0),2.1,28.8,12.7,10.3,1.6,0.8,3.2,17.68
2,4.3,Shai Gilgeous-Alexander,PG,OKC,74,34.1,0.527(11.1/21.0),0.886(7.8/8.8),2.1,32.1,5.3,6.3,1.7,1,2.3,15.98
3,3.6,Victor Wembanyama,C,SA,65,32.4,0.470(8.6/18.4),0.827(4.1/5.0),2.9,24.3,11,3.7,1.1,3.7,3.7,14.97
4,5.2,Luka Doncic,"PG,SG",LAL,70,35.8,0.473(10.4/22.0),0.785(6.5/8.3),3.8,31.1,8.7,8.8,1.6,0.5,3.8,11.34
5,5.4,Giannis Antetokounmpo,"PF,C",MIL,70,34.7,0.607(12.0/19.8),0.633(6.8/10.8),0.4,31.1,11.8,6.8,0.9,1.1,3.4,10.95
6,9.7,Anthony Davis,"PF,C",DAL,63,34.5,0.521(9.4/18.0),0.787(5.6/7.1),0.8,25.1,11.8,3.5,1.2,2.1,2.2,10.71
7,8.3,Cade Cunningham,"PG,SG",DET,70,35.2,0.463(9.8/21.1),0.856(4.6/5.4),2.2,26.4,5.9,9.3,1,0.8,4.1,8.42
8,7.8,Anthony Edwards,"PG,SG",MIN,79,36.1,0.449(9.3/20.6),0.837(5.6/6.7),4.1,28.3,5.9,5.1,1.3,0.6,3.3,8.42
9,10.6,Karl-Anthony Towns,"PF,C",NY,69,33.8,0.516(8.4/16.3),0.846(4.5/5.3),2.1,23.4,11.8,3.1,0.9,0.7,2.8,8.27
10,15.3,James Harden,"PG,SG",LAC,75,34.8,0.425(6.2/14.6),0.874(5.4/6.2),2.8,20.6,5.5,8.5,1.3,0.8,3.6,8.19
11,12.8,Devin Booker,"PG,SG",PHO,72,36.6,0.476(9.1/19.2),0.890(5.9/6.6),2.4,26.5,4.3,7.6,0.9,0.3,2.8,8.07
12,12.5,Trae Young,PG,ATL,72,36,0.428(7.8/18.1),0.867(6.5/7.5),3.1,25.1,3,11.4,1.3,0.2,4.6,8.03
R#,ADP,PLAYER,POS,TEAM,GP,MPG,FG%,FT%,3PM,PTS,TREB,AST,STL,BLK,TO,TOTAL
13,19,Kevin Durant,"SF,PF",HOU,65,34,0.524(9.1/17.4),0.848(4.5/5.3),2.2,25,5.9,4.7,0.8,1,3.1,7.99
14,19.9,Tyrese Maxey,PG,PHI,65,37.6,0.444(9.4/21.2),0.872(4.9/5.6),3.2,27,3.7,6.3,1.5,0.5,2.2,7.88
15,17.1,Stephen Curry,PG,GS,68,32,0.449(8.1/18.1),0.928(4.0/4.3),4.4,24.7,4.4,5.7,0.9,0.4,2.8,7.8
16  1,12.3,Domantas Sabonis,C,SAC,76,35.2,0.580(7.5/13.0),0.757(3.1/4.1),0.9,19.1,13.9,6.6,0.8,0.5,3,7.45
17  1,29.7,LaMelo Ball,"PG,SG",CHA,50,32.2,0.413(8.6/20.9),0.849(4.2/4.9),3.8,25.3,6.1,7.8,1.3,0.3,3.7,6.8
18  1,20.5,Donovan Mitchell,"PG,SG",CLE,72,31.8,0.449(8.4/18.7),0.843(4.4/5.2),3.3,24.5,4.6,5.3,1.4,0.4,2.3,6.13
19  3,21.5,LeBron James,"SF,PF",LAL,49,33.9,0.526(9.3/17.6),0.764(3.9/5.1),2.1,24.5,7.4,8.1,1.1,0.5,3.5,6.04
20,20.1,Evan Mobley,"PF,C",CLE,70,30.6,0.558(7.4/13.3),0.721(3.0/4.2),1.2,19.1,9.6,3.3,0.9,1.5,2.1,5.92
21,37.2,Derrick White,"PG,SG",BOS,74,33.2,0.444(6.3/14.2),0.868(1.8/2.1),3.4,17.8,5,5.6,1,1.1,1.6,5.72
22,40.4,Jamal Murray,"PG,SG",DEN,68,34.8,0.474(8.0/16.9),0.873(3.1/3.5),2.4,21.5,4.1,6,1.2,0.6,2.2,5.63
23,22.8,Jalen Brunson,PG,NY,68,34.4,0.483(9.5/19.7),0.835(5.5/6.5),2.4,26.8,3,7.2,0.9,0.2,2.4,5.4
24,25.5,Amen Thompson,"PG,SG,SF",HOU,72,34.3,0.553(6.0/10.8),0.690(2.6/3.8),0.5,15.1,8.6,5.7,1.6,1.3,2.1,5.3
R#,ADP,PLAYER,POS,TEAM,GP,MPG,FG%,FT%,3PM,PTS,TREB,AST,STL,BLK,TO,TOTAL
25,26,Scottie Barnes,"SG,SF,PF",TOR,69,33.9,0.459(7.5/16.2),0.766(3.4/4.5),1.4,19.8,8.1,6,1.4,1.2,2.8,5.3
26,33.3,De'Aaron Fox,"PG,SG",SA,68,35.2,0.466(8.7/18.7),0.796(4.2/5.2),2.3,23.9,4.6,5.9,1.6,0.4,2.7,5.2
27,22.7,Jalen Williams,"SF,PF",OKC,70,33,0.484(8.1/16.8),0.801(3.5/4.4),1.9,21.7,5,5.1,1.4,0.7,2,5.16
28,44.6,Trey Murphy III,"SF,PF",NO,65,34.3,0.444(7.5/16.8),0.868(4.0/4.6),3.2,22,5.1,3.8,1.1,0.6,2.1,4.99
29,40.1,Jaren Jackson Jr.,"PF,C",MEM,65,31,0.467(8.0/17.2),0.796(4.7/5.9),1.9,22.6,5.7,2.2,1.2,1.6,2.3,4.96
30,25,Chet Holmgren,"PF,C",OKC,62,28.4,0.491(5.6/11.4),0.772(2.8/3.6),1.5,15.5,8.4,2.3,0.7,2.3,1.6,4.89
31,19.6,Alperen Sengün,C,HOU,74,32.9,0.538(8.4/15.6),0.702(4.1/5.8),0.5,21.5,10,5.2,1.1,0.9,2.4,4.82
32,26.6,Jalen Johnson,"SF,PF",ATL,65,34.7,0.507(7.0/13.7),0.735(2.2/3.0),1.3,17.4,9.4,4.2,1.4,0.9,2.3,4.77
33,30.9,Josh Giddey,"PG,SG",CHI,72,31.1,0.470(6.3/13.4),0.785(2.2/2.8),1.5,16.4,8,7.6,1.2,0.7,3,4.77
34,35.5,Franz Wagner,"SF,PF",ORL,68,33.1,0.472(8.4/17.8),0.861(4.3/5.0),1.6,22.6,5.7,4.5,1.2,0.4,2.2,4.61
35,51,Jimmy Butler,"SF,PF",GS,58,32.9,0.492(5.4/11.0),0.846(6.0/7.1),0.8,17.7,5.4,5.2,1.4,0.3,1.5,4.54
36,45.8,Kawhi Leonard,"SF,PF",LAC,52,31.1,0.494(7.9/16.0),0.813(2.6/3.2),1.9,20.3,5.5,3.1,1.5,0.7,1.7,4.48
R#,ADP,PLAYER,POS,TEAM,GP,MPG,FG%,FT%,3PM,PTS,TREB,AST,STL,BLK,TO,TOTAL
37  1,37.3,Dyson Daniels,"PG,SG,SF",ATL,74,32.1,0.478(5.5/11.5),0.641(1.1/1.7),1.1,13.1,5.7,4.3,2.7,0.7,1.9,4.09
38  1,30.5,Jaylen Brown,"SG,SF",BOS,68,33.9,0.468(10.8/23.0),0.750(3.7/4.9),2.2,27.4,7.2,4.7,1.2,0.4,2.6,4.04
39  1,30.5,Pascal Siakam,"PF,C",IND,76,32.9,0.515(9.3/18.0),0.748(4.2/5.6),1.7,24.5,7.1,4.7,0.9,0.4,1.6,3.94
40  2,51.3,Austin Reaves,"PG,SG",LAL,72,33.5,0.469(6.2/13.2),0.865(3.7/4.2),2.3,18.4,4.5,5.8,1,0.3,2.5,3.77
41  2,68.8,Darius Garland,PG,CLE,61,31.4,0.461(7.0/15.2),0.858(2.8/3.3),2.9,19.7,2.8,6.6,1.3,0.1,2.8,3.71
42  2,66.6,Tyler Herro,"PG,SG",MIA,58,33.2,0.461(7.9/17.1),0.866(3.1/3.6),3.1,22,5,5,0.8,0.2,2.4,3.62
43  2,22.7,Paolo Banchero,"PF,C",ORL,63,34.7,0.459(9.3/20.3),0.745(6.2/8.3),2.1,27,8.1,4.9,1,0.7,2.7,3.55
44  7,54.7,Kristaps Porzingis,"PF,C",ATL,49,29.2,0.483(6.5/13.4),0.817(3.8/4.7),2.2,18.9,6.8,2.1,0.7,1.5,1.7,3.47
45  1,41.6,Ja Morant,PG,MEM,57,32.9,0.451(8.5/18.8),0.810(5.6/6.9),1.6,24.2,4.6,7.6,1.1,0.3,3.8,3.39
46  3,42.7,Desmond Bane,"SG,SF",ORL,70,32,0.475(6.9/14.4),0.872(2.5/2.9),2.5,18.7,4.8,4,1,0.4,2.3,3.17
47  3,62.6,Zach LaVine,"PG,SG",SAC,69,34,0.497(7.9/15.8),0.833(3.2/3.8),3,21.9,3.4,4.1,0.8,0.2,2.6,3.17
48  4,43.8,Cooper Flagg,SF,DAL,70,31.4,0.473(6.1/12.9),0.836(3.5/4.2),1.2,16.9,5.3,3.8,1.2,0.8,1.8,3.1
R#,ADP,PLAYER,POS,TEAM,GP,MPG,FG%,FT%,3PM,PTS,TREB,AST,STL,BLK,TO,TOTAL
49  8,50.4,Joel Embiid,C,PHI,37,29.8,0.447(7.4/16.7),0.863(6.4/7.4),1,22.3,8.1,4,0.6,0.8,3.2,3.09
50  3,32.5,Bam Adebayo,"PF,C",MIA,74,34.2,0.483(7.0/14.5),0.758(3.6/4.7),1.1,18.7,9.8,4.1,1.1,0.7,2.1,3.09
51  4,61,Coby White,"PG,SG",CHI,74,33.8,0.450(6.7/14.9),0.873(3.7/4.3),3.1,20.2,4,4.7,0.8,0.2,2.2,3.04
52  4,64.5,DeMar DeRozan,SF,SAC,74,34.9,0.478(7.6/15.9),0.855(5.4/6.3),0.9,21.5,3.8,4.3,0.9,0.5,1.4,3.04
53  4,37.2,Ivica Zubac,C,LAC,74,29.6,0.636(6.3/9.9),0.688(1.9/2.7),0,14.4,11.1,2.1,0.5,1.2,1.4,2.87
54  4,48.4,Myles Turner,C,MIL,72,29.6,0.483(5.7/11.9),0.777(2.4/3.1),1.9,15.8,6.7,1.5,0.6,1.9,1.6,2.87
55  4,55.1,Jarrett Allen,C,CLE,78,28.2,0.670(5.5/8.2),0.732(2.6/3.6),0,13.6,9.5,2.2,0.8,0.9,1.3,2.75
56  4,55.5,Jalen Duren,C,DET,72,27.6,0.655(5.3/8.1),0.722(2.2/3.1),0,12.9,11.1,2.6,0.6,1,1.9,2.7
57  4,52.8,Deni Avdija,"SF,PF",POR,73,30.1,0.478(6.2/13.0),0.777(4.0/5.1),1.7,18.1,7.9,4.4,1,0.6,2.8,2.68
58  4,65.4,OG Anunoby,"SF,PF",NY,68,34.3,0.480(6.2/12.9),0.794(2.0/2.5),2.2,16.6,4.5,2.2,1.4,0.8,1.5,2.66
59  4,66.3,Michael Porter Jr.,"SF,PF",BKN,79,32.7,0.473(7.5/16.0),0.788(2.2/2.7),3.1,20.3,8.1,2,0.6,0.6,2,2.66
60  4,53,Nikola Vucevic,C,CHI,74,30,0.505(7.0/13.9),0.809(1.4/1.7),1.4,16.9,9.5,2.5,0.7,0.7,1.5,2.64
R#,ADP,PLAYER,POS,TEAM,GP,MPG,FG%,FT%,3PM,PTS,TREB,AST,STL,BLK,TO,TOTAL
61  4,55.7,Walker Kessler,C,UTA,65,28.2,0.656(4.4/6.8),0.512(1.1/2.2),0.1,10,10.2,1.3,0.5,2.4,1.7,2.64
62  14,83.7,Mark Williams,C,PHO,49,26.7,0.611(5.7/9.4),0.763(2.7/3.5),0,14.1,9.9,2,0.8,1.2,1.4,2.54
63  12,45.8,Zion Williamson,"SF,PF",NO,49,30.1,0.551(9.6/17.5),0.645(5.0/7.8),0.1,24.4,6.5,5.1,1.1,0.7,2.8,2.49
64  10,50.5,Lauri Markkanen,"SF,PF",UTA,49,31,0.453(6.5/14.3),0.887(3.8/4.3),2.9,19.6,6.4,1.7,0.8,0.4,1.3,2.46
65  2,68.5,Deandre Ayton,C,LAL,67,31.3,0.569(6.6/11.5),0.767(1.0/1.3),0.1,14.2,9.4,1.9,0.8,1,1.6,2.43
66  2,93.4,Christian Braun,"SG,SF",DEN,74,33.9,0.542(6.1/11.3),0.817(2.3/2.8),1.2,15.8,5.3,2.8,1,0.6,1.1,2.41
67  2,85.4,Cameron Johnson,"SF,PF",DEN,65,31.6,0.470(5.5/11.8),0.855(2.4/2.8),2.9,16.3,4.2,2.7,1.1,0.4,1.3,2.41
68  2,87,Donovan Clingan,C,POR,70,27.8,0.540(3.8/7.1),0.593(1.3/2.2),0.3,9.3,11.2,1.6,0.7,2.3,1.5,2.33
69  2,66.3,Rudy Gobert,C,MIN,74,33.6,0.664(4.9/7.3),0.653(2.8/4.3),0,12.5,10.7,1.5,0.7,1.5,1.3,2.27
70  2,80,Jakob Poeltl,C,TOR,62,29,0.632(5.8/9.1),0.620(1.5/2.4),0,13,9.2,2.7,1,1.2,1.8,2.26
71  2,72.1,Payton Pritchard,PG,BOS,76,30.3,0.466(5.6/12.1),0.829(0.9/1.1),3.4,15.5,4.2,5.7,0.8,0.2,1.1,2.22
72  2,72.6,Jordan Poole,"PG,SG",NO,72,30.9,0.422(6.6/15.6),0.881(3.0/3.4),2.9,19.2,2.9,4.5,1.2,0.4,2.7,2.06
R#,ADP,PLAYER,POS,TEAM,GP,MPG,FG%,FT%,3PM,PTS,TREB,AST,STL,BLK,TO,TOTAL
73  2,91.1,John Collins,"PF,C",LAC,70,29.2,0.528(5.9/11.2),0.820(2.5/3.1),1.3,15.6,7.7,1.4,0.7,0.9,1.8,2.03
74  27,127.2,Kyrie Irving,PG,DAL,17,28.5,0.472(7.4/15.6),0.901(2.9/3.2),2.4,20,4,4,1,0.3,1.9,2
75  2,102.6,Jalen Suggs,PG,ORL,65,29.8,0.446(5.3/11.9),0.811(2.1/2.6),2.3,15,3.7,3.5,1.4,0.8,2.3,1.92
76  2,79.4,Isaiah Hartenstein,C,OKC,66,26.6,0.617(4.0/6.4),0.692(1.5/2.1),0,9.4,9.9,3.1,0.9,1.1,1.5,1.81
77  2,66.5,Miles Bridges,"SF,PF",CHA,66,31.4,0.447(7.1/15.8),0.850(2.7/3.2),2.1,18.9,6.8,3.3,0.8,0.5,1.9,1.75
78  2,77.5,Paul George,"SG,SF,PF",PHI,44,31,0.446(6.0/13.5),0.847(2.5/2.9),2.3,16.8,4.4,3.2,1.4,0.4,1.9,1.59
79  1,100.5,CJ McCollum,"PG,SG",WAS,60,31,0.452(7.3/16.1),0.767(1.9/2.5),3.2,19.7,3.9,4.2,0.9,0.5,1.7,1.56
80  1,92.3,Onyeka Okongwu,C,ATL,70,26.7,0.582(4.8/8.2),0.771(2.0/2.6),0.6,12,8.1,1.9,0.7,1,1.1,1.53
81  15,124.5,Jayson Tatum,"SF,PF",BOS,10,26.1,0.461(6.7/14.5),0.823(3.9/4.7),2.4,19.6,6.1,4,0.8,0.4,2,1.5
82,113,Tobias Harris,PF,DET,71,32.2,0.478(5.7/11.9),0.870(2.2/2.5),1.2,14.8,5.9,2.5,1,0.7,1.2,1.49
83,76,Brandon Ingram,"SG,SF,PF",TOR,50,33,0.471(7.1/15.2),0.810(3.3/4.1),1.8,19.4,4.6,4.3,0.8,0.6,2.6,1.42
84,53.4,Brandon Miller,"SF,PF",CHA,60,33.8,0.428(7.0/16.3),0.838(2.2/2.6),3,19.1,4.6,2.8,1,0.6,2.2,1.33
R#,ADP,PLAYER,POS,TEAM,GP,MPG,FG%,FT%,3PM,PTS,TREB,AST,STL,BLK,TO,TOTAL
85,106.2,Toumani Camara,"SF,PF",POR,74,33,0.455(4.5/9.8),0.738(1.4/1.9),1.9,12.2,6.4,2.5,1.5,0.7,1.6,1.31
86,102.3,Bradley Beal,"SG,SF",LAC,58,30,0.506(6.3/12.5),0.806(1.9/2.4),1.8,16.3,3.6,4,1,0.5,2,1.3
87,116.9,Zach Edey,C,MEM,56,27.2,0.557(4.6/8.2),0.711(1.8/2.5),0.4,11.3,10.2,1.3,0.7,1.4,1.7,1.27
88,90.8,Naz Reid,"PF,C",MIN,80,28.2,0.469(5.7/12.1),0.754(1.5/2.0),2.4,15.2,6.2,2,0.8,1,1.5,1.24
89,78.8,Immanuel Quickley,"PG,SG",TOR,65,30.4,0.433(5.4/12.5),0.856(3.3/3.9),2.7,16.8,3.4,5.5,0.8,0.2,1.7,1.22
90,107.1,Draymond Green,"PF,C",GS,66,28.1,0.456(3.3/7.2),0.702(1.3/1.8),1.1,8.9,6.6,5.8,1.3,1,2.5,1.19
91,121.2,Herbert Jones,"SF,PF",NO,69,31.5,0.453(3.7/8.1),0.858(1.8/2.1),1.3,10.5,4,3.2,1.6,0.6,1.4,1.18
92,70.5,Jalen Green,"PG,SG",PHO,78,32.3,0.423(7.8/18.5),0.808(3.7/4.6),2.9,22.2,5.3,3.8,0.9,0.4,2.6,1.17
93,64.2,Julius Randle,"PF,C",MIN,70,33.8,0.477(6.6/13.8),0.795(4.1/5.2),1.7,18.9,7.4,4.8,0.6,0.2,2.9,1.17
94,54.2,Josh Hart,"SG,SF,PF",NY,76,32.5,0.482(4.1/8.5),0.781(1.5/1.9),1,10.6,8.3,4.6,1.2,0.3,1.6,1.13
95,102.6,Nicolas Claxton,C,BKN,70,27.3,0.596(4.7/7.9),0.535(1.3/2.4),0,10.8,8.4,2.1,0.7,1.7,1.2,1.06
96,80.7,Mikal Bridges,"SF,PF",NY,80,35.2,0.481(6.7/14.0),0.829(1.4/1.7),2.2,17.1,3.7,3.5,0.9,0.4,1.7,1.05
R#,ADP,PLAYER,POS,TEAM,GP,MPG,FG%,FT%,3PM,PTS,TREB,AST,STL,BLK,TO,TOTAL
97,116.5,Dereck Lively II,C,DAL,65,25.3,0.700(4.3/6.2),0.635(1.4/2.2),0,10.1,7.8,1.7,0.7,1.5,1.1,1.04
98,104.2,Andrew Wiggins,"SG,SF",MIA,68,30.9,0.451(6.7/14.8),0.757(3.1/4.1),2.2,18.6,5.4,3.1,0.9,0.8,1.7,1.02
99,140.7,Keon Ellis,"PG,SG",SAC,72,27.2,0.481(3.1/6.5),0.816(0.9/1.1),2,9.2,3.2,1.9,1.6,0.9,1,1.02
100,84.9,Ausar Thompson,"SF,PF",DET,67,29.3,0.522(5.0/9.6),0.649(1.7/2.7),0.3,12,6.9,2.6,1.7,1,1.6,1.01
101,80.8,Cam Thomas,"SG,SF",BKN,60,31.3,0.441(8.1/18.3),0.865(4.7/5.4),2.4,23.1,3.3,3.2,0.7,0.2,2.1,1.01
102,135.9,Aaron Nesmith,SF,IND,68,30,0.500(4.9/9.9),0.829(1.8/2.1),2.2,13.8,4.4,1.6,1,0.6,1,0.97
103,109.9,D'Angelo Russell,PG,DAL,67,29.1,0.431(5.5/12.7),0.832(2.1/2.5),2.5,15.6,3,5.8,0.9,0.4,2,0.9
104,86,Kel'el Ware,"PF,C",MIA,69,27,0.559(5.0/8.9),0.688(0.9/1.3),0.7,11.4,8.6,1.1,0.7,1.1,1.1,0.83
105,92.9,Matas Buzelis,"SF,PF",CHI,78,28.7,0.461(5.2/11.3),0.819(1.8/2.2),1.9,14.1,5.6,1.7,0.6,1.3,1.5,0.78
106,136.7,Isaiah Jackson,C,IND,60,24.9,0.614(4.2/6.9),0.661(2.0/3.0),0,10.4,7,1.4,1,1.7,1.2,0.73
107,101.6,Devin Vassell,"SG,SF",SA,66,32,0.458(6.4/13.9),0.800(1.8/2.3),2.3,16.9,3.7,3.3,1.1,0.4,1.4,0.71
108,88.4,Anfernee Simons,"PG,SG",BOS,68,31.1,0.441(6.3/14.3),0.908(2.5/2.7),3.3,18.4,2.6,4,0.6,0.1,2,0.56
R#,ADP,PLAYER,POS,TEAM,GP,MPG,FG%,FT%,3PM,PTS,TREB,AST,STL,BLK,TO,TOTAL
109,122.2,Donte DiVincenzo,"PG,SG",MIN,70,27.5,0.436(4.9/11.2),0.766(1.0/1.2),3.2,13.9,3.7,3.1,1.3,0.4,1.5,0.52
110,105.6,Keegan Murray,"SF,PF",SAC,76,34,0.449(5.2/11.5),0.840(1.1/1.3),2.2,13.6,5.9,1.5,0.9,0.8,0.8,0.51
111,115.2,Jrue Holiday,"PG,SG",POR,60,30.7,0.444(4.2/9.5),0.875(1.0/1.1),1.9,11.3,4.6,4.6,1,0.6,1.5,0.51
112,139.6,Neemias Queta,"PF,C",BOS,68,25.2,0.625(4.0/6.4),0.741(1.4/1.9),0,9.4,7.6,1.4,0.7,1.3,1.1,0.5
113,142,Kyshawn George,"SG,SF",WAS,70,27.5,0.417(4.4/10.4),0.765(1.3/1.7),2.1,12.1,5.3,3.1,1.2,0.9,1.8,0.48
114,122.8,Tari Eason,"SF,PF",HOU,58,25.4,0.473(4.7/9.9),0.730(1.4/1.9),1.1,11.8,7,1.5,1.4,0.9,1.2,0.42
115,110.2,Jaden McDaniels,"SF,PF",MIN,76,31.6,0.482(5.0/10.3),0.781(1.1/1.5),1.3,12.4,5.3,1.9,1.2,0.8,1.3,0.36
116  1,110.1,Santi Aldama,"PF,C",MEM,68,27.9,0.472(5.0/10.6),0.705(1.1/1.6),2,13.1,6.6,2.8,0.8,0.7,1.2,0.25
117  1,139.6,Obi Toppin,PF,IND,80,25.3,0.551(5.1/9.2),0.778(1.3/1.7),1.7,13.1,5,2,0.7,0.6,1.1,0.25
118  2,131.6,Dejounte Murray,"PG,SG",NO,31,28.2,0.435(6.1/14.1),0.802(2.2/2.8),1.6,16.1,4.4,5.3,1.3,0.3,2.2,0.24
119,132.3,Daniel Gafford,C,DAL,60,22,0.677(4.2/6.2),0.684(1.7/2.5),0,10.1,6.6,1.3,0.6,1.5,0.9,0.19
120,131,T.J. McConnell,PG,IND,54,22.1,0.537(5.4/10.0),0.757(0.9/1.2),0.3,11.9,3.2,6.1,1.3,0.2,1.8,0.19
R#,ADP,PLAYER,POS,TEAM,GP,MPG,FG%,FT%,3PM,PTS,TREB,AST,STL,BLK,TO,TOTAL
121,142.1,Taylor Hendricks,"SF,PF",UTA,58,27.2,0.450(3.7/8.1),0.800(1.1/1.4),1.7,10.1,6.3,1.1,1,1.1,0.9,0.18
122,120.2,Malik Monk,SG,SAC,68,28.8,0.442(5.6/12.7),0.846(2.3/2.7),2,15.5,3.2,5.1,0.7,0.5,2.2,0.17
123,144,Davion Mitchell,PG,MIA,73,29.3,0.461(4.3/9.3),0.759(1.1/1.4),1.6,11.3,3.1,6,1.4,0.2,2,0.14
124,118.4,Bobby Portis,"PF,C",MIL,65,24.9,0.491(5.8/11.7),0.809(1.2/1.5),1.3,14,7.9,1.6,0.8,0.5,1.1,0.11
125,138.4,Collin Sexton,"PG,SG",CHA,70,27.3,0.484(6.1/12.5),0.861(3.5/4.1),1.6,17.2,2.5,3.7,0.7,0.2,2.1,-0.13
126,118.5,Kevin Porter Jr.,"PG,SG",MIL,75,29.8,0.449(5.4/12.0),0.772(2.4/3.1),1,14.2,5.1,4.7,1.5,0.2,2.5,-0.14
127,124.8,Cason Wallace,"PG,SG",OKC,72,28.5,0.482(3.6/7.5),0.800(0.5/0.6),1.4,9.1,3.4,2.4,1.6,0.6,0.8,-0.16
128,75.3,Andrew Nembhard,"PG,SG",IND,69,30.9,0.464(4.6/10.0),0.797(1.9/2.3),1.2,12.3,3.1,5.8,1.3,0.2,1.9,-0.19
129,90.3,Norman Powell,"SG,SF",MIA,68,30.3,0.480(6.2/12.9),0.812(2.7/3.3),2.6,17.7,2.9,1.6,0.9,0.2,1.3,-0.23
130  1,121,Brandin Podziemski,"PG,SG",GS,70,30.3,0.450(4.7/10.4),0.696(1.0/1.5),2,12.4,5.8,4,1.2,0.2,1.4,-0.29
131  1,96.8,Shaedon Sharpe,"SG,SF",POR,70,32.2,0.447(6.8/15.1),0.797(2.8/3.6),2.2,18.6,4.8,3.1,0.9,0.3,2.2,-0.31
132  1,139.4,Ayo Dosunmu,"SG,SF",CHI,65,30.4,0.498(5.0/9.9),0.796(1.3/1.6),1.5,12.7,3.2,3.8,1,0.5,1.5,-0.31
R#,ADP,PLAYER,POS,TEAM,GP,MPG,FG%,FT%,3PM,PTS,TREB,AST,STL,BLK,TO,TOTAL
133  3,,Robert Williams III,C,POR,30,17.6,0.644(2.5/3.9),0.847(0.8/1.0),0,5.9,5.9,1,0.8,1.5,0.9,-0.33
134,142.2,Kelly Oubre Jr.,"SF,PF",PHI,64,32.4,0.454(5.8/12.8),0.752(2.5/3.3),1.4,15.5,5.6,1.7,1.3,0.6,1.3,-0.4
135,113.1,Jaden Ivey,"PG,SG",DET,68,29.4,0.446(6.3/14.1),0.744(3.2/4.3),2.4,18.3,4,4.3,0.9,0.5,2.9,-0.4
136  1,142.6,Kon Knueppel,SF,CHA,70,28.7,0.462(4.0/8.7),0.861(2.1/2.5),1.7,11.9,3.7,2.5,1.1,0.3,1.1,-0.59
137  1,141,Bilal Coulibaly,"SG,SF",WAS,62,33.1,0.433(4.6/10.7),0.728(2.2/3.1),1.2,12.7,5.3,3.6,1.3,0.8,2,-0.61
138  1,142.8,Carlton Carrington,"PG,SG",WAS,74,31.4,0.424(4.5/10.7),0.821(1.2/1.5),1.9,12.2,4.6,5.5,0.9,0.3,1.9,-0.63
139  1,140.5,Jerami Grant,"SF,PF",POR,50,33.2,0.449(5.0/11.2),0.829(3.3/4.0),1.9,15.3,3.5,2.1,0.7,0.7,1.5,-0.64
140  1,79.9,Alexandre Sarr,C,WAS,70,29.4,0.394(5.3/13.6),0.678(1.8/2.7),1.7,14.2,7.1,2.6,0.7,1.7,1.9,-0.74
141  1,135.4,Chris Paul,PG,LAC,68,24.2,0.434(2.9/6.7),0.891(0.8/0.9),1.4,8,3.3,6.4,1.1,0.2,1.3,-0.74
142  1,121.7,Jabari Smith Jr.,"PF,C",HOU,67,29.8,0.448(4.6/10.2),0.815(1.9/2.3),1.7,12.7,7.4,1.3,0.6,0.7,1.1,-0.76
143  7,92.1,Fred VanVleet,PG,HOU,20,30,0.384(4.1/10.6),0.824(1.7/2.1),2.3,12.1,3,4.9,1.2,0.5,1.3,-0.79
144,93.6,Bennedict Mathurin,"SG,SF",IND,72,31,0.453(5.8/12.9),0.828(3.9/4.7),1.5,17.1,5.2,2.2,0.7,0.3,2,-0.82
R#,ADP,PLAYER,POS,TEAM,GP,MPG,FG%,FT%,3PM,PTS,TREB,AST,STL,BLK,TO,TOTAL
145,126,Klay Thompson,"SG,SF",DAL,74,27.5,0.423(5.6/13.1),0.920(1.3/1.4),3.2,15.6,3.3,2.1,0.7,0.4,1.3,-0.89
146,111.4,Aaron Gordon,"PF,C",DEN,62,29.8,0.546(5.3/9.8),0.719(2.6/3.6),0.9,14.2,5.8,3.4,0.6,0.5,1.4,-0.9
147,140.3,Jay Huff,C,IND,68,24.1,0.530(4.0/7.6),0.793(1.1/1.4),1.4,10.6,4.5,1,0.4,1.2,1,-0.9
148,139.5,VJ Edgecombe,SG,PHI,70,27.1,0.446(3.9/8.8),0.805(2.2/2.8),1.4,11.4,3.8,2.2,1.4,0.4,1.3,-0.99
149,137.6,Dylan Harper,SG,SA,65,27.7,0.469(5.0/10.7),0.749(2.9/3.9),1.4,14.4,3.2,3.8,1.2,0.4,1.8,-1.08
150,141.4,Al Horford,"PF,C",GS,60,25.2,0.464(3.1/6.6),0.882(0.5/0.5),1.7,8.2,5.9,2.2,0.6,0.9,0.7,-1.14
151,134.9,Scoot Henderson,PG,POR,50,29.8,0.428(5.0/11.7),0.793(2.8/3.5),1.7,14.4,3.3,5.7,1.1,0.2,3.3,-1.26
152,139.9,Kris Dunn,"PG,SG",LAC,70,24.5,0.453(2.8/6.1),0.682(0.3/0.4),1,6.8,3.6,3.8,1.6,0.5,1.3,-1.27
153,139.3,Rui Hachimura,"SF,PF",LAL,65,29.3,0.524(5.3/10.0),0.753(1.5/2.0),1.6,13.6,4.7,1.3,0.7,0.4,0.8,-1.29
154,135.1,De'Andre Hunter,"SF,PF",CLE,68,28.3,0.464(5.1/10.9),0.846(2.9/3.5),2.1,15.2,3.7,1.4,0.7,0.2,1.3,-1.31
155,142.7,Caris LeVert,"SG,SF",DET,66,26.9,0.451(4.6/10.3),0.741(2.0/2.6),1.6,12.8,3.6,4.2,1,0.5,1.4,-1.37
156,142.4,Adem Bona,C,PHI,64,18.6,0.688(3.3/4.8),0.695(1.6/2.4),0,8.2,6,0.7,0.6,1.4,1.5,-1.4
R#,ADP,PLAYER,POS,TEAM,GP,MPG,FG%,FT%,3PM,PTS,TREB,AST,STL,BLK,TO,TOTAL
157,136.3,Mitchell Robinson,C,NY,56,20.9,0.602(2.3/3.8),0.641(0.8/1.3),0,5.5,7.6,0.7,1.1,1.1,0.7,-1.41
158,133.7,Lonzo Ball,"PG,SG",CLE,55,23.2,0.366(2.7/7.3),0.815(0.7/0.8),2,8.1,3.6,3.5,1.4,0.5,1.2,-1.42
159,136.9,Sam Hauser,"SF,PF",BOS,72,27.8,0.448(4.0/8.8),0.923(0.2/0.3),3.1,11.3,4.3,1.3,0.7,0.3,0.5,-1.44
160  1,133.5,Jaylen Wells,"SG,SF",MEM,74,29.2,0.438(4.4/10.1),0.821(1.7/2.1),2.1,12.7,4.1,2.1,1,0.2,1.1,-1.54
161  1,135.1,Mike Conley,PG,MIN,68,23.9,0.427(2.9/6.8),0.895(1.1/1.2),1.9,8.8,2.5,4.5,1,0.2,1.1,-1.57
162  1,134.2,Kentavious Caldwell-Pope,"SG,SF",MEM,72,28.6,0.450(3.1/7.0),0.883(1.1/1.3),1.8,9.2,2.2,2,1.2,0.5,0.9,-1.6
163  1,141.1,Grayson Allen,"SG,SF",PHO,60,24.4,0.478(3.4/7.1),0.849(1.4/1.6),2.2,10.3,3,2.2,0.8,0.4,1,-1.65
164  1,146,Russell Westbrook,PG,FA,71,25.2,0.451(4.7/10.5),0.674(1.9/2.8),1,12.3,5,5.4,1.3,0.4,2.7,-1.68
165  1,134.1,Marcus Smart,"PG,SG",LAL,58,25.1,0.411(4.0/9.7),0.761(1.9/2.5),1.8,11.7,2.5,3.9,1.6,0.3,2.3,-1.73
166  1,131.5,Luguentz Dort,"SG,SF",OKC,70,28.8,0.437(3.7/8.4),0.758(0.9/1.2),2.2,10.5,3.9,1.5,1,0.6,0.8,-1.73
167  1,135,P.J. Washington,"SF,PF",DAL,65,27.5,0.444(4.5/10.1),0.706(1.7/2.4),1.5,12.2,5.8,1.9,0.9,0.8,1.5,-1.77
168  8,144.1,Khris Middleton,"SF,PF",WAS,40,25,0.473(4.8/10.2),0.845(1.8/2.1),1.3,12.8,3.6,3.8,0.8,0.2,1.6,-1.79
R#,ADP,PLAYER,POS,TEAM,GP,MPG,FG%,FT%,3PM,PTS,TREB,AST,STL,BLK,TO,TOTAL
169,141.2,Scotty Pippen Jr.,"PG,SG",MEM,60,20.2,0.482(3.6/7.4),0.722(1.5/2.1),1.1,9.7,3,4.1,1.3,0.4,1.8,-1.86
170  1,131.4,Alex Caruso,"SG,SF",OKC,54,19.3,0.460(2.5/5.4),0.785(0.7/0.9),1.2,6.9,2.7,2.4,1.3,0.6,0.9,-1.89
171  1,117.8,Keyonte George,"PG,SG",UTA,70,30.2,0.400(5.0/12.4),0.828(3.1/3.7),2.4,15.4,3.4,5.2,0.6,0.1,2.7,-1.91
172  1,143.6,Kyle Filipowski,"PF,C",UTA,72,26.1,0.502(4.5/9.0),0.649(1.6/2.5),1.3,12,7.6,2.4,0.8,0.4,1.8,-1.93
173  1,141.4,Ty Jerome,SG,MEM,60,20.7,0.494(4.0/8.1),0.876(1.6/1.9),1.4,11.1,2.2,3,1,0,1.2,-1.95
174  1,142.2,Nikola Jovic,PF,MIA,57,26.4,0.454(3.8/8.3),0.782(1.3/1.7),1.8,10.7,4.7,2.8,0.8,0.3,1.3,-1.96
175  1,131.1,Cole Anthony,PG,MIL,70,20.4,0.430(4.1/9.5),0.825(2.0/2.4),1.2,11.4,3.7,3.8,0.8,0.5,1.7,-1.99
176  1,134.8,Brook Lopez,C,LAC,72,20.2,0.496(3.1/6.3),0.821(0.9/1.1),1.2,8.4,3.3,1.1,0.4,1.4,0.7,-2.11
177  1,142.7,Moussa Diabaté,C,CHA,70,24.2,0.592(3.3/5.6),0.620(1.5/2.3),0,8,8.7,1.1,1,0.8,1.2,-2.15
178  1,135.6,Yves Missi,C,NO,73,26.8,0.546(3.7/6.8),0.624(1.8/2.8),0,9.2,8.3,1.4,0.5,1.4,1.1,-2.19
179  1,139.6,Gary Trent Jr.,"SG,SF",MIL,72,26.8,0.428(4.7/10.9),0.832(1.1/1.4),2.6,13.1,2.6,1.5,1.1,0.1,0.7,-2.21
180  1,,Ryan Dunn,"SF,PF",PHO,72,26.4,0.433(4.2/9.8),0.513(0.4/0.8),1.8,10.7,5.7,1.2,1,0.8,0.9,-2.23
R#,ADP,PLAYER,POS,TEAM,GP,MPG,FG%,FT%,3PM,PTS,TREB,AST,STL,BLK,TO,TOTAL
181  11,140,Jared McCain,"PG,SG",PHI,49,27.4,0.460(5.5/12.0),0.873(2.1/2.5),2.2,15.4,2.5,2.6,0.7,0,1.6,-2.26
182,134.5,Royce O'Neale,"SF,PF",PHO,73,24.6,0.410(3.0/7.3),0.700(0.3/0.4),2.2,8.4,4.8,2.5,0.8,0.5,0.9,-2.26
183,133.7,Brice Sensabaugh,"SF,PF",UTA,70,24.2,0.440(4.4/9.9),0.899(1.2/1.4),2.3,12.3,3.8,2,0.7,0.2,1.9,-2.3
184,131.2,Duncan Robinson,"SG,SF",DET,71,26,0.444(4.2/9.6),0.892(0.9/1.0),2.7,12.1,2.4,2.6,0.6,0.2,1.3,-2.43
185,,Moritz Wagner,C,ORL,55,18.2,0.591(4.4/7.4),0.781(2.3/2.9),0.6,11.7,4.6,1.3,0.6,0.3,1.4,-2.45
186,137.5,Aaron Wiggins,"SG,SF",OKC,72,23,0.485(4.2/8.8),0.808(1.0/1.2),1.5,11,3.6,1.6,0.9,0.3,0.9,-2.47
187,84.5,RJ Barrett,"SF,PF",TOR,58,32,0.467(7.1/15.2),0.657(3.2/4.9),1.6,19.1,5.4,3.8,0.6,0.3,2.4,-2.48
188,115.6,Stephon Castle,"PG,SG",SA,76,29.2,0.435(5.8/13.3),0.734(3.4/4.6),1.3,16.2,4.1,4.5,1,0.3,2.4,-2.52
189  1,139.8,Dillon Brooks,"SF,PF",PHO,73,31.4,0.429(4.9/11.4),0.832(1.5/1.8),2.2,13.5,3.6,1.7,0.9,0.2,1.1,-2.62
190  1,136.8,Quentin Grimes,"SG,SF",PHI,70,25.5,0.440(4.2/9.6),0.758(1.6/2.2),2,12.1,3.5,2.5,0.9,0.3,1.4,-2.71
191  1,,Miles McBride,"PG,SG",NY,66,25.2,0.429(4.0/9.3),0.838(0.8/1.0),2,10.7,2.3,2.6,1,0.2,0.6,-2.72
192  1,,Naji Marshall,"SF,PF",DAL,67,23.4,0.493(4.0/8.0),0.803(1.5/1.8),0.9,10.3,4.2,2.5,0.9,0.2,1.3,-2.74
R#,ADP,PLAYER,POS,TEAM,GP,MPG,FG%,FT%,3PM,PTS,TREB,AST,STL,BLK,TO,TOTAL
193  1,123.2,Reed Sheppard,"PG,SG",HOU,62,22.6,0.407(3.0/7.4),0.821(1.0/1.2),1.6,8.6,2.3,2.8,1.1,0.5,1.1,-2.75
194  1,138.5,Wendell Carter Jr.,C,ORL,67,25.7,0.472(3.5/7.4),0.719(1.8/2.5),0.8,9.6,7.2,1.9,0.7,0.6,1.2,-2.81
195  1,132.1,Chris Boucher,"PF,C",BOS,60,24.4,0.497(3.7/7.3),0.781(1.8/2.2),1.3,10.3,5.4,0.7,0.5,0.6,0.7,-2.82
196  2,131.3,Jonathan Kuminga,"SF,PF",GS,60,25.3,0.500(5.9/11.8),0.712(3.1/4.4),0.8,15.8,4.7,2.2,0.8,0.5,1.6,-2.83
197  2,134.2,Buddy Hield,"SG,SF",GS,80,22.2,0.427(3.9/9.0),0.853(0.6/0.7),2.3,10.6,3,2.1,0.8,0.4,1.1,-2.9
198  2,137,Ace Bailey,SF,UTA,68,29.9,0.454(4.9/10.8),0.718(1.7/2.3),1.2,12.7,4.8,1.4,0.7,0.9,1.3,-2.91
199  2,,Luke Kornet,C,SA,68,17.1,0.680(2.4/3.6),0.766(0.9/1.1),0,5.7,4.8,1.4,0.4,1,0.4,-2.95
200  2,,Ziaire Williams,"SG,SF",BKN,67,25.4,0.405(3.6/8.9),0.822(1.6/2.0),1.6,10.5,4.6,1.6,1,0.4,1.3,-2.97
201  2,135,Kevin Huerter,"SG,SF",FA,66,24.4,0.434(3.8/8.9),0.740(0.5/0.7),1.9,10.2,3.3,2.5,0.8,0.4,0.9,-3.05
202  2,135.3,Harrison Barnes,"SF,PF",SA,74,27.1,0.490(4.1/8.4),0.808(1.9/2.3),1.8,11.9,3.3,1.4,0.6,0.2,0.6,-3.05
203  2,,Ryan Rollins,PG,MIL,60,15.3,0.484(2.8/5.8),0.782(0.9/1.2),1,7.5,2.3,3.3,1,0.4,1.2,-3.06
204  2,131.2,Zaccharie Risacher,"SF,PF",ATL,72,26.6,0.461(5.1/11.0),0.719(1.5/2.1),1.7,13.4,3.8,1.3,0.7,0.5,1.3,-3.09
R#,ADP,PLAYER,POS,TEAM,GP,MPG,FG%,FT%,3PM,PTS,TREB,AST,STL,BLK,TO,TOTAL
205  16,,Matisse Thybulle,"SG,SF",POR,40,20.8,0.414(2.0/4.7),0.667(0.3/0.5),1.2,5.4,2.2,1.4,1.7,0.7,0.6,-3.1
206  1,,Walter Clayton Jr.,PG,UTA,69,25.4,0.441(3.5/8.0),0.855(1.9/2.2),1.7,10.6,2.2,2.5,0.7,0.3,1.4,-3.18
207  2,130.8,Dennis Schröder,"PG,SG",SAC,70,23.6,0.422(3.8/9.1),0.834(1.9/2.2),1.5,11.1,2.3,4.6,0.7,0.2,1.5,-3.2
208  2,131.4,Anthony Black,"PG,SG",ORL,72,24.5,0.437(3.3/7.5),0.759(1.7/2.3),0.9,9.2,3.2,2.9,1.1,0.6,1.7,-3.2
209  2,,Zach Collins,C,CHI,60,18.7,0.491(3.4/6.9),0.796(1.4/1.8),0.7,8.9,5,2.3,0.5,0.6,1.5,-3.22
210  3,141,Cam Whitmore,"SF,PF",WAS,58,20,0.450(4.6/10.3),0.706(1.5/2.2),2,12.8,4.9,1.1,0.7,0.4,1.1,-3.31
211  3,,Bruce Brown,SG,DEN,64,25.2,0.458(3.7/8.1),0.820(1.6/1.9),0.7,9.7,4.1,2.5,0.9,0.3,1.1,-3.35
212  3,,Taurean Prince,SF,MIL,74,27,0.449(3.1/6.9),0.770(0.6/0.7),1.8,8.6,3.3,1.8,0.9,0.3,1,-3.36
213  3,,Sam Merrill,"SG,SF",CLE,70,23.1,0.409(3.1/7.7),0.944(0.5/0.5),2.6,9.4,2.6,2,0.7,0.2,0.5,-3.37
214  3,135.9,Keldon Johnson,"SF,PF",SA,70,22.7,0.467(4.5/9.7),0.784(1.9/2.5),1.3,12.2,4.4,1.9,0.6,0.3,1.1,-3.38
215  18,128.6,Max Strus,"SG,SF",CLE,40,25.1,0.427(3.4/7.9),0.809(0.8/0.9),2,9.5,4,3.2,0.7,0.3,1.2,-3.39
216  2,138.7,Jeremy Sochan,"PF,C",SA,64,25,0.473(4.0/8.5),0.711(1.4/1.9),0.7,10.1,5.6,2.6,0.7,0.5,1.5,-3.39
R#,ADP,PLAYER,POS,TEAM,GP,MPG,FG%,FT%,3PM,PTS,TREB,AST,STL,BLK,TO,TOTAL
217  2,,Dorian Finney-Smith,"SF,PF",HOU,67,27.7,0.434(3.0/6.9),0.697(0.5/0.7),1.9,8.3,4.1,1.4,0.8,0.4,0.8,-3.41
218  3,144.2,Egor Demin,PG,BKN,68,30.1,0.419(3.8/9.0),0.683(1.4/2.1),1.2,10.1,3.2,5.5,1,0.3,2.4,-3.45
219  3,132.4,Nickeil Alexander-Walker,"SG,SF",ATL,78,24.4,0.438(3.1/7.1),0.788(0.9/1.1),1.7,8.8,2.7,2.6,0.7,0.5,1.1,-3.45
220  3,,Luke Kennard,"PG,SG",ATL,52,21.1,0.466(3.0/6.4),0.897(0.8/0.9),1.9,8.6,2.5,3,0.6,0.1,1.1,-3.47
221  3,139.2,Tyus Jones,PG,ORL,72,20,0.468(3.1/6.6),0.854(0.4/0.5),1.3,8,1.8,4.5,0.7,0.1,0.8,-3.47
222  3,142,Moses Moody,"SG,SF",GS,70,22.2,0.441(3.5/7.9),0.793(1.4/1.8),1.7,10.1,3.1,1.2,0.8,0.4,0.8,-3.49
223  3,,Jonathan Isaac,"SF,PF",ORL,65,15.6,0.459(2.2/4.8),0.698(1.0/1.5),0.6,6.1,4.5,0.6,0.8,1.2,0.5,-3.49
224  3,,Jeremiah Fears,PG,NO,67,20.1,0.433(3.2/7.3),0.844(3.0/3.6),1,10.3,2.5,3.5,0.8,0.1,2,-3.5
225  3,130.2,Goga Bitadze,C,ORL,66,16.2,0.606(2.3/3.8),0.642(1.0/1.5),0,5.6,5.1,1.5,0.6,1.2,0.8,-3.52
226  3,136.6,Jonas Valanciunas,C,DEN,74,15.1,0.555(3.3/6.0),0.823(1.4/1.6),0.2,8.2,6,1.5,0.3,0.5,1,-3.52
227  3,137.9,Jordan Clarkson,"PG,SG",NY,58,22.3,0.425(4.6/10.8),0.846(2.5/2.9),1.5,13.1,2.6,3.5,0.6,0.1,2,-3.55
228  3,134.5,Isaiah Collier,"PG,SG",UTA,71,28.8,0.421(3.7/8.8),0.680(1.7/2.4),0.7,9.7,3.7,7.1,1,0.3,3.3,-3.56
R#,ADP,PLAYER,POS,TEAM,GP,MPG,FG%,FT%,3PM,PTS,TREB,AST,STL,BLK,TO,TOTAL
229  3,,Day'Ron Sharpe,C,BKN,55,16.6,0.545(3.1/5.6),0.663(1.2/1.8),0.1,7.5,6.6,1.6,0.6,0.8,1.2,-3.57
230  4,,Andre Drummond,C,PHI,62,17.9,0.537(3.3/6.1),0.600(1.6/2.7),0,8.2,8.8,0.6,1,0.6,1.2,-3.58
231  5,,Derrick Jones Jr.,"SF,PF",LAC,76,23.9,0.506(3.6/7.2),0.708(1.2/1.7),1.1,9.5,3.4,0.9,0.9,0.6,0.9,-3.6
232  5,,Guerschon Yabusele,"PF,C",NY,70,22.1,0.501(3.3/6.6),0.724(1.2/1.6),1.2,9.1,4.7,1.7,0.7,0.3,1,-3.65
233  5,,Collin Murray-Boyles,PF,TOR,70,25.8,0.485(3.7/7.6),0.712(2.5/3.5),0.2,10,4.8,1.5,1,0.8,1.5,-3.66
234  6,,Nick Richards,C,PHO,60,18.8,0.644(2.9/4.6),0.742(1.6/2.1),0,7.4,6.3,0.7,0.3,0.8,1,-3.68
235  6,,Jose Alvarado,PG,NO,56,20,0.399(2.9/7.3),0.755(0.8/1.1),1.6,8.2,2.2,3.2,1.1,0.2,1.1,-3.79
236  6,,Mason Plumlee,C,CHA,60,21.1,0.598(2.3/3.8),0.673(1.7/2.5),0,6.2,7.4,2,0.5,0.7,1,-3.8
237  6,,AJ Green,"PG,SG",MIL,64,25.2,0.427(3.2/7.4),0.855(0.5/0.6),2.7,9.5,2.9,1.7,0.6,0.1,0.6,-3.8
238  30,,Justin Champagnie,"SF,PF",WAS,38,18.6,0.496(2.9/5.8),0.705(0.7/1.1),1,7.6,4.8,0.9,0.9,0.6,0.8,-3.84
239  5,,Dennis Smith Jr.,PG,FA,56,18.9,0.434(2.7/6.1),0.743(0.8/1.1),0.6,6.7,3,3.7,1.2,0.2,1.2,-3.85
240  5,,Karlo Matkovic,"PF,C",NO,54,14.8,0.563(2.7/4.8),0.778(0.7/0.9),0.4,6.5,4.3,0.9,0.5,0.8,0.9,-3.85
R#,ADP,PLAYER,POS,TEAM,GP,MPG,FG%,FT%,3PM,PTS,TREB,AST,STL,BLK,TO,TOTAL
241  5,,Chimezie Metu,"PF,C",FA,51,16.8,0.504(2.4/4.8),0.913(1.2/1.3),0.6,6.6,3.8,0.9,0.9,0.3,1,-3.89
242  5,140.1,Peyton Watson,"SF,PF",DEN,70,21.5,0.470(2.8/6.0),0.685(1.2/1.7),0.6,7.5,3.4,1.2,0.6,1.3,0.8,-3.9
243  5,136.7,Gradey Dick,"SG,SF",TOR,60,26.3,0.415(4.2/10.2),0.859(1.7/1.9),1.9,12,3,1.5,0.8,0.1,1.2,-3.91
244  5,,Jake LaRavia,"SF,PF",LAL,50,21.7,0.435(2.8/6.5),0.750(1.7/2.3),1.2,8.5,3.9,2.2,0.9,0.4,1.3,-3.92
245  5,127.5,Isaiah Stewart,C,DET,70,19.4,0.519(2.5/4.8),0.754(0.9/1.2),0.6,6.4,4.8,1.3,0.3,1,0.9,-3.93
246  5,135.6,Kyle Kuzma,"SF,PF",MIL,65,29.2,0.432(5.6/12.9),0.709(1.9/2.7),1.8,14.8,5.2,2.7,0.4,0.4,2,-3.95
247  35,117.1,Brandon Clarke,"PF,C",MEM,40,18.2,0.613(3.7/6.0),0.661(0.8/1.3),0,8.2,4.9,1,0.8,0.6,0.6,-3.96
248  4,,Jarace Walker,"SF,PF",IND,54,19.1,0.458(2.7/5.9),0.687(0.7/1.0),1.2,7.3,3.7,1.9,0.9,0.5,1.2,-4.01
249  4,,Precious Achiuwa,"PF,C",FA,65,21.2,0.502(3.1/6.1),0.604(0.8/1.4),0.3,7.2,6.2,1.2,0.7,0.8,1,-4.05
250  4,148.3,Tre Jones,"PG,SG",CHI,61,18.2,0.514(2.6/5.1),0.839(0.9/1.1),0.5,6.7,2.5,4.1,0.7,0.1,0.9,-4.06
251  4,,Tim Hardaway Jr.,"SG,SF",DEN,74,24.4,0.422(3.7/8.8),0.856(1.6/1.8),2.4,11.4,2.5,1.5,0.5,0.1,0.7,-4.12
252  32,,Vít Krejcí,"SG,SF",ATL,39,22.4,0.495(2.6/5.3),0.721(0.5/0.7),1.6,7.3,2.8,2.6,0.7,0.4,0.9,-4.12
R#,ADP,PLAYER,POS,TEAM,GP,MPG,FG%,FT%,3PM,PTS,TREB,AST,STL,BLK,TO,TOTAL
253  3,,Derik Queen,C,NO,58,26.8,0.476(3.7/7.8),0.754(3.0/3.9),0.1,10.5,5.7,1.2,0.6,0.7,1.5,-4.12
254  4,,Tristan Vukcevic,"PF,C",WAS,52,15,0.482(3.4/7.0),0.773(1.6/2.0),1.1,9.4,3.8,1.2,0.4,0.7,1.2,-4.21
255  4,133.9,Bogdan Bogdanovic,"SG,SF",LAC,58,18.2,0.428(3.4/7.8),0.912(1.0/1.1),1.7,9.4,2.1,1.9,0.7,0.2,0.9,-4.23
256  4,,Haywood Highsmith,"SF,PF",MIA,68,22.6,0.461(2.4/5.2),0.684(0.4/0.6),1.2,6.3,3.3,1.3,0.9,0.5,0.6,-4.25
257  24,,Ben Simmons,"PG,C",FA,33,20.9,0.534(2.2/4.1),0.621(0.4/0.7),0,4.8,4.9,5.1,0.7,0.4,1.8,-4.28
258  23,,Cody Martin,"SG,SF,PF",FA,40,24.5,0.403(2.8/6.9),0.669(0.8/1.2),0.9,7.3,4.3,2.7,1.1,0.6,1.2,-4.31
259  3,,Vince Williams Jr.,"SG,SF",MEM,55,19.6,0.431(2.4/5.6),0.797(1.3/1.6),1.1,7.2,4,2.4,0.6,0.4,1.3,-4.37
260  3,145.5,Hansen Yang,C,POR,65,20.4,0.495(2.9/5.9),0.679(1.5/2.2),0.2,7.5,4.6,2.5,0.4,1,1.4,-4.38
261  22,,Josh Minott,"SF,PF",BOS,44,14.4,0.484(2.4/5.0),0.885(1.2/1.3),0.7,6.7,2.5,1,0.8,0.7,0.5,-4.41
262  3,128.9,Terance Mann,"SG,SF",BKN,67,23,0.507(3.3/6.4),0.774(0.9/1.2),0.9,8.3,3.2,1.7,0.6,0.2,0.7,-4.44
263  3,,Kelly Olynyk,"PF,C",SA,61,14.4,0.536(2.3/4.2),0.810(1.3/1.6),0.5,6.3,3.4,2.6,0.6,0.3,1.3,-4.47
264  4,128.4,Isaiah Joe,SG,OKC,68,18.2,0.449(2.9/6.5),0.846(0.6/0.7),2.1,8.4,2.3,1.3,0.6,0.2,0.5,-4.52
R#,ADP,PLAYER,POS,TEAM,GP,MPG,FG%,FT%,3PM,PTS,TREB,AST,STL,BLK,TO,TOTAL
265  4,,Patrick Williams,PF,CHI,58,23.2,0.416(3.1/7.5),0.748(1.0/1.3),1.3,8.5,3.4,1.6,0.8,0.6,1.2,-4.54
266  4,,Marcus Sasser,PG,DET,64,18.6,0.440(3.1/7.0),0.863(0.9/1.0),1.3,8.4,1.7,3.2,0.7,0.1,1.3,-4.54
267  4,,Cedric Coward,SG,MEM,65,18.4,0.471(2.4/5.1),0.815(1.8/2.2),0.8,7.5,3,1.6,0.3,0.7,0.9,-4.56
268  4,142,Jaime Jaquez Jr.,"SG,SF",MIA,60,20.2,0.478(3.2/6.7),0.788(1.5/1.8),0.6,8.5,3.3,2.1,0.8,0.2,1.2,-4.57
269  5,144.1,Tre Johnson,SG,WAS,69,30,0.425(4.6/10.8),0.819(2.0/2.5),1.8,13,2,1.8,0.6,0.2,1.2,-4.6
270  5,,Gary Payton II,SG,GS,63,15.2,0.570(2.6/4.6),0.672(0.4/0.6),0.5,6.1,2.9,1.3,0.9,0.3,0.6,-4.62
271  9,,Julian Champagnie,"SG,SF",SA,68,18.7,0.411(2.4/5.9),0.864(0.9/1.0),1.6,7.3,2.9,1.2,0.6,0.4,0.7,-4.67
272  9,,Jordan Hawkins,"SG,SF",NO,65,25.5,0.381(4.0/10.5),0.827(1.5/1.9),2.3,11.8,3.2,1.4,0.5,0.3,1,-4.68
273  9,,Mouhamed Gueye,"PF,C",ATL,58,14.1,0.412(1.9/4.6),0.770(0.9/1.1),0.6,5.2,3.8,0.7,0.8,0.9,0.4,-4.71
274  11,,Jordan Goodwin,"PG,SG",PHO,60,18.6,0.388(2.4/6.2),0.756(0.6/0.8),0.8,6.2,4.3,2.3,0.9,0.3,1,-4.85
275  11,118.2,Amir Coffey,"SF,PF",FA,71,22.6,0.471(2.9/6.1),0.880(1.3/1.4),1.2,8.3,2.2,1.1,0.6,0.2,0.6,-4.91
276  11,,Dean Wade,"SF,PF",CLE,60,20.9,0.413(1.9/4.5),0.640(0.3/0.5),1.4,5.5,4.2,1.1,0.7,0.4,0.4,-4.91
R#,ADP,PLAYER,POS,TEAM,GP,MPG,FG%,FT%,3PM,PTS,TREB,AST,STL,BLK,TO,TOTAL
277  11,,Paul Reed,C,DET,58,12.6,0.532(2.1/3.9),0.725(0.6/0.8),0.2,4.9,3.8,1,0.7,0.7,0.6,-4.94
278  12,,Isaac Okoro,"SF,PF",CHI,62,23,0.481(2.8/5.9),0.690(1.0/1.5),1.1,7.8,2.7,1.6,0.7,0.4,0.6,-4.99
279  12,145.3,Ryan Kalkbrenner,C,CHA,59,19.7,0.604(3.1/5.2),0.644(1.2/1.9),0.2,7.7,3.6,0.6,0.2,1.1,0.6,-5.03
280  12,139.5,Khaman Maluach,C,PHO,60,20.2,0.588(2.5/4.3),0.721(1.0/1.4),0.1,6.1,5,0.4,0.1,0.9,0.6,-5.03
281  12,,Trendon Watford,"PF,C",PHI,53,17.4,0.496(3.3/6.6),0.775(1.7/2.2),0.6,8.8,3.5,2,0.5,0.3,1.5,-5.04
282  25,137.1,Jusuf Nurkic,C,UTA,44,17.1,0.498(2.7/5.4),0.650(1.4/2.1),0.3,7.1,6.8,2.3,0.7,0.6,1.5,-5.04
283  11,,Corey Kispert,"SF,PF",WAS,60,21,0.472(3.7/7.9),0.768(1.1/1.4),1.8,10.3,2.4,1.5,0.4,0.2,0.9,-5.04
284  12,,Jonathan Mogbo,"PF,C",TOR,60,18.4,0.437(2.3/5.2),0.731(0.9/1.2),0.3,5.6,4.5,2.1,0.8,0.5,1,-5.06
285  24,,Lonnie Walker IV,"SG,SF",FA,39,20.6,0.421(4.2/9.9),0.774(1.0/1.2),2.1,11.4,2.7,1.7,0.6,0.4,1.1,-5.18
286  13,123.4,Jarred Vanderbilt,"PF,C",LAL,58,18.1,0.503(1.9/3.7),0.611(0.7/1.1),0.3,4.7,5,1.2,1.1,0.2,0.9,-5.21
287  14,,Ben Sheppard,"SG,SF",IND,65,21.9,0.406(2.3/5.6),0.895(0.5/0.6),1.3,6.4,2.9,1.5,0.8,0.2,0.4,-5.24
288  17,,Jalen Smith,C,CHI,50,12.1,0.529(2.6/4.9),0.752(0.9/1.2),0.8,6.8,4.2,0.8,0.2,0.5,0.5,-5.32
R#,ADP,PLAYER,POS,TEAM,GP,MPG,FG%,FT%,3PM,PTS,TREB,AST,STL,BLK,TO,TOTAL
289  25,,Malcolm Brogdon,"PG,SG",FA,31,18.1,0.438(3.5/7.9),0.848(1.9/2.2),1.1,9.9,2.6,3.4,0.4,0.1,1.1,-5.33
290  23,,Josh Richardson,"PG,SG",FA,25,22.2,0.428(3.0/6.9),0.942(1.0/1.0),1.3,8.2,2.4,2.1,0.6,0.3,0.8,-5.42
291  19,,Luka Garza,C,BOS,61,19.3,0.474(4.4/9.4),0.729(1.8/2.5),1,11.6,4.3,0.8,0.5,0.2,0.9,-5.43
292  19,136.3,Max Christie,"SG,SF",DAL,72,20.7,0.428(2.4/5.7),0.837(1.1/1.4),1.1,7,2.7,1.4,0.6,0.3,0.8,-5.44
293  20,,Cameron Payne,"PG,SG",NY,60,15.9,0.418(2.6/6.2),0.889(0.7/0.8),1.3,7.2,1.5,2.7,0.5,0.2,0.8,-5.47
294  21,,Alec Burks,"SG,SF",FA,57,18,0.387(2.9/7.4),0.847(1.6/1.9),1.9,9.2,2.4,1.3,0.5,0.2,0.7,-5.5
295  21,,Ochai Agbaji,"SG,SF",TOR,64,20.4,0.460(2.7/5.9),0.683(0.4/0.6),1,6.8,2.8,1.1,0.6,0.5,0.7,-5.51
296  23,,Tre Mann,"PG,SG",CHA,37,18.3,0.450(3.0/6.8),0.805(0.9/1.1),1,8,2.7,2.9,0.8,0.1,1.3,-5.51
297  20,,Trey Lyles,"PF,C",FA,63,19.8,0.431(2.4/5.5),0.700(0.8/1.2),1.3,6.9,4.6,1.2,0.5,0.3,0.6,-5.52
298  22,,Quinten Post,C,GS,42,16.3,0.448(3.0/6.6),0.769(0.5/0.7),1.8,8.2,3.6,1.3,0.4,0.4,0.8,-5.55
299  22,,John Konchar,"SG,SF",MEM,40,16.7,0.433(1.3/2.9),0.844(0.3/0.3),0.6,3.4,4,1.5,0.8,0.6,0.6,-5.55
300  22,,Richaun Holmes,C,FA,35,15.5,0.601(2.5/4.1),0.786(1.2/1.5),0,6.2,5.2,1,0.3,0.6,0.7,-5.57
R#,ADP,PLAYER,POS,TEAM,GP,MPG,FG%,FT%,3PM,PTS,TREB,AST,STL,BLK,TO,TOTAL
301  18,,Christian Wood,"PF,C",FA,50,17.4,0.466(2.5/5.3),0.704(1.3/1.9),0.7,7,5.1,1,0.3,0.7,1,-5.58
302  18,,Julian Strawther,"SG,SF",DEN,62,20.1,0.431(3.2/7.5),0.795(1.0/1.3),1.4,8.8,2.1,1.4,0.6,0.2,0.8,-5.59
303  24,,Thomas Bryant,C,FA,40,14.1,0.523(2.4/4.6),0.866(1.0/1.1),0.5,6.3,4,0.8,0.4,0.6,0.5,-5.59
304  17,126.4,Kevon Looney,C,NO,68,15.6,0.551(1.9/3.5),0.618(0.8/1.2),0,4.6,5.9,1.7,0.5,0.5,0.6,-5.6
305  17,,Dalano Banton,"SG,SF",FA,60,18.1,0.397(3.4/8.5),0.754(1.6/2.1),1.1,9.4,2.6,2.4,0.6,0.5,1.4,-5.62
306  17,,Nicolas Batum,"SF,PF",LAC,69,17.5,0.445(1.3/3.0),0.769(0.2/0.3),1,3.9,2.8,1.3,0.6,0.5,0.5,-5.63
307  17,,Noah Clowney,"PF,C",BKN,55,19.4,0.394(2.5/6.5),0.797(1.2/1.5),1.4,7.7,3.6,0.8,0.4,0.5,0.9,-5.64
308  17,139.3,Clint Capela,C,HOU,55,13.6,0.565(2.6/4.5),0.603(0.8/1.4),0,5.9,5.6,0.7,0.4,0.7,0.5,-5.71
309  17,,Drew Eubanks,C,SAC,67,14,0.597(2.0/3.3),0.727(0.9/1.2),0,4.9,4.1,0.9,0.3,0.7,0.8,-5.71
310  27,,Daniel Theis,C,FA,49,16.6,0.514(2.2/4.3),0.798(0.7/0.9),0.4,5.5,4.2,1.2,0.4,0.7,0.7,-5.73
311  16,,Talen Horton-Tucker,"SG,SF",FA,54,16.1,0.420(3.0/7.1),0.773(1.5/1.9),1,8.4,2.1,2.4,0.6,0.3,1,-5.78
312  28,,Jaylin Williams,"PF,C",OKC,40,14.8,0.429(1.7/4.0),0.794(0.5/0.6),1,4.9,4.4,2,0.4,0.5,0.6,-5.79
R#,ADP,PLAYER,POS,TEAM,GP,MPG,FG%,FT%,3PM,PTS,TREB,AST,STL,BLK,TO,TOTAL
313  15,,Kasparas Jakucionis,PG,MIA,60,18.8,0.441(2.1/4.8),0.840(1.9/2.3),0.8,6.8,2.5,2.8,0.4,0.1,1.6,-5.79
314  16,,Jordan Nwora,"SF,PF",FA,52,13.7,0.460(2.7/5.8),0.835(0.9/1.0),0.9,7.1,2.9,1.2,0.5,0.3,1,-5.84
315  16,,Tristan Da Silva,"SF,PF",ORL,70,22,0.411(2.7/6.6),0.872(0.8/0.9),1.1,7.3,3.3,1.5,0.5,0.3,0.8,-5.86
316  16,,Trayce Jackson-Davis,C,GS,60,13.2,0.643(2.6/4.0),0.570(0.9/1.5),0,6,4.2,1.2,0.3,0.7,0.6,-5.87
317  28,,Larry Nance Jr.,"PF,C",CLE,42,15.2,0.526(2.0/3.8),0.704(0.5/0.7),0.5,5,4,1.5,0.8,0.3,0.6,-5.95
318  17,,Kenrich Williams,PF,OKC,70,15.7,0.477(2.2/4.7),0.667(0.3/0.4),0.9,5.6,3.3,1.4,0.6,0.1,0.5,-6
319  18,,Cedi Osman,"SF,PF",FA,72,17.6,0.480(2.6/5.4),0.671(0.5/0.7),1.2,6.9,2.5,1.7,0.5,0.2,0.7,-6
320  18,,Steven Adams,C,HOU,60,16.9,0.546(2.0/3.6),0.460(0.9/2.0),0,4.8,7,1.4,0.5,0.6,1.2,-6.01
321  19,,Carter Bryant,SF,SA,58,14.4,0.459(1.6/3.5),0.686(0.8/1.2),0.8,4.9,3,0.7,0.5,0.7,0.7,-6.02
322  27,,Xavier Tillman Sr.,"PF,C",BOS,43,12.5,0.447(1.9/4.3),0.692(0.5/0.8),0.4,4.7,3.6,1.2,0.9,0.7,0.7,-6.07
323  18,128.3,Jaxson Hayes,C,LAL,60,14,0.720(2.1/2.9),0.620(0.8/1.3),0,4.9,3.5,0.7,0.5,0.6,0.6,-6.08
324  18,,Josh Green,"SG,SF",CHA,62,21.4,0.452(2.3/5.1),0.683(0.6/0.8),1.1,6.2,2.3,1.5,0.8,0.2,0.8,-6.1
R#,ADP,PLAYER,POS,TEAM,GP,MPG,FG%,FT%,3PM,PTS,TREB,AST,STL,BLK,TO,TOTAL
325  19,,Georges Niang,PF,UTA,70,17.5,0.456(2.8/6.1),0.842(0.5/0.6),1.5,7.6,2.7,1,0.3,0.2,0.8,-6.13
326  19,139,Spencer Dinwiddie,"PG,SG",CHA,52,17.6,0.405(2.2/5.5),0.804(1.5/1.9),1,6.9,1.7,2.9,0.5,0.2,0.8,-6.13
327  20,,Jamison Battle,,TOR,50,17.7,0.430(2.6/6.0),0.871(0.3/0.3),1.8,7.2,2.7,0.9,0.3,0.2,0.5,-6.17
328  31,,Marvin Bagley III,"PF,C",WAS,40,14.8,0.571(3.3/5.8),0.742(1.4/1.8),0.1,8.2,4.5,0.8,0.3,0.5,0.8,-6.19
329  31,,Kai Jones,C,FA,40,11.7,0.796(2.2/2.8),0.716(0.6/0.8),0,5,3.2,0.6,0.4,0.6,0.5,-6.21
330  21,,Ron Holland II,"SF,PF",DET,74,16.9,0.474(2.7/5.6),0.756(1.2/1.6),0.5,7,2.9,1.1,0.7,0.2,1,-6.24
331  31,,Keaton Wallace,"PG,SG",ATL,31,16.2,0.401(2.1/5.3),1.000(0.4/0.4),0.9,5.5,1.6,2.7,0.9,0.3,1.1,-6.28
332  22,,Kyle Anderson,PF,UTA,50,14.5,0.463(1.8/3.9),0.717(0.8/1.1),0.2,4.5,2.5,2.5,0.6,0.4,0.7,-6.32
333  22,,Jamal Shead,PG,TOR,72,16.9,0.404(2.4/5.9),0.775(0.6/0.8),0.8,6.2,1.3,3.7,0.7,0.1,1.4,-6.32
334  32,,Mo Bamba,C,FA,44,13,0.482(1.7/3.5),0.682(0.6/0.9),0.5,4.5,4.4,0.7,0.4,1,0.7,-6.35
335  32,,Dante Exum,"PG,SG",DAL,37,18.2,0.515(2.8/5.5),0.768(1.0/1.3),1,7.6,2.3,2.7,0.4,0.1,0.9,-6.36
336  21,,Sandro Mamukelashvili,"PF,C",TOR,50,11.5,0.492(2.2/4.5),0.745(0.7/0.9),0.8,5.9,3.4,1,0.3,0.3,0.5,-6.37
R#,ADP,PLAYER,POS,TEAM,GP,MPG,FG%,FT%,3PM,PTS,TREB,AST,STL,BLK,TO,TOTAL
337  33,,Charles Bassey,C,FA,27,10.6,0.619(1.8/2.9),0.667(0.5/0.7),0,4.1,4.2,0.7,0.4,0.9,0.7,-6.38
338  32,,Bol Bol,"PF,C",FA,39,11.8,0.565(2.5/4.3),0.776(0.5/0.6),0.7,6.1,3.1,0.5,0.3,0.7,0.5,-6.39
339  19,,Johnny Furphy,"SG,SF",IND,60,14.4,0.381(1.4/3.7),0.828(0.7/0.9),0.6,4.1,2.8,0.8,0.7,0.4,0.5,-6.39
340  19,,Reggie Jackson,"PG,SG",FA,56,17.3,0.425(3.0/7.1),0.800(0.7/0.9),1,7.7,1.6,2.8,0.5,0.1,1,-6.39
341  19,,Terry Rozier,PG,MIA,50,14.7,0.422(2.8/6.6),0.862(1.1/1.2),1,7.6,2,2,0.4,0.1,0.7,-6.4
342  34,119.6,Javonte Green,"SG,SF",FA,38,16.1,0.464(1.9/4.2),0.735(0.8/1.0),0.7,5.3,3.3,0.7,0.9,0.5,0.5,-6.4
343  18,,Garrison Mathews,"SG,SF",ATL,56,16.3,0.423(1.9/4.4),0.824(0.9/1.1),1.5,6.1,1.6,0.9,0.4,0.2,0.5,-6.48
344  18,,Aaron Holiday,"PG,SG",HOU,58,15.5,0.443(2.2/5.0),0.870(0.7/0.8),1.1,6.3,1.5,1.6,0.4,0.1,0.7,-6.5
345  18,,Oso Ighodaro,C,PHO,64,17.1,0.605(1.9/3.1),0.578(0.5/0.8),0,4.2,3.7,1.2,0.5,0.5,0.6,-6.54
346  34,,Johnny Juzang,"SG,SF",FA,42,19.2,0.436(3.0/6.9),0.823(0.7/0.8),1.8,8.5,2.6,1.1,0.5,0.1,0.6,-6.56
347  18,,Gary Harris,"SG,SF",MIL,51,19.4,0.424(1.8/4.2),0.714(0.4/0.6),1.1,5,1.5,1.1,0.7,0.3,0.5,-6.58
348  20,,Vasilije Micic,"PG,SG",FA,50,19.4,0.396(2.5/6.4),0.819(1.0/1.2),0.9,6.9,1.8,3.9,0.5,0.1,1.8,-6.61
R#,ADP,PLAYER,POS,TEAM,GP,MPG,FG%,FT%,3PM,PTS,TREB,AST,STL,BLK,TO,TOTAL
349  20,,Jalen Wilson,"SF,PF",BKN,61,20.6,0.404(2.5/6.2),0.822(1.3/1.6),1.1,7.4,3.1,1.5,0.4,0.1,0.8,-6.62
350  32,,Saddiq Bey,"SF,PF",NO,40,20,0.416(2.8/6.8),0.839(1.7/2.0),1.1,8.5,4,0.9,0.5,0.1,0.5,-6.67
351  22,,Rasheer Fleming,PF,PHO,50,13.8,0.482(1.8/3.7),0.719(0.7/1.0),0.6,4.9,2.8,0.4,0.5,0.5,0.5,-6.7
352  28,,DaRon Holmes II,PF,DEN,55,14.4,0.492(2.1/4.2),0.713(2.2/3.0),0.3,6.6,3,0.9,0.3,0.7,0.8,-6.88
353  29,,Seth Curry,SG,FA,55,15.1,0.447(2.2/5.0),0.859(0.6/0.6),1.1,6.1,1.7,1,0.5,0.1,0.5,-6.9
354  30,,Tony Bradley,,FA,50,8.7,0.644(2.3/3.5),0.340(0.2/0.5),0.1,4.8,3.2,0.5,0.2,0.7,0.4,-6.92
355  31,,Rob Dillingham,PG,MIN,60,16.7,0.441(3.0/6.9),0.531(0.3/0.5),0.8,7.2,1.6,3.2,0.7,0,1.7,-6.95
356  31,,Gabe Vincent,"PG,SG",LAL,61,20.5,0.390(2.2/5.6),0.704(0.2/0.3),1.3,5.9,1.2,1.4,0.7,0.2,0.6,-6.96
357  34,,Jeremiah Robinson-Earl,"PF,C",FA,52,13.7,0.460(1.8/3.9),0.823(0.5/0.6),0.6,4.7,3.4,1,0.4,0.1,0.6,-7.02
358  25,,Bismack Biyombo,C,FA,33,19.6,0.576(2.1/3.7),0.454(0.5/1.2),0,4.8,5.5,1.3,0.4,0.9,1,-7.07
359  35,,Andre Jackson Jr.,"SG,SF",MIL,62,16.3,0.486(1.5/3.2),0.568(0.2/0.4),0.5,3.8,3.1,1.4,0.5,0.2,0.9,-7.09
360  36,,Nique Clifford,SG,SAC,50,13.8,0.484(1.9/4.0),0.770(1.1/1.5),0.5,5.5,2.8,1.3,0.4,0.2,0.8,-7.1
R#,ADP,PLAYER,POS,TEAM,GP,MPG,FG%,FT%,3PM,PTS,TREB,AST,STL,BLK,TO,TOTAL
361  37,,Simone Fontecchio,"SF,PF",MIA,60,14.2,0.436(2.0/4.6),0.827(0.6/0.8),1.1,5.7,2.3,0.8,0.4,0.2,0.6,-7.12
362  37,,Terrence Shannon Jr.,"SF,PF",MIN,60,14.6,0.482(2.4/5.0),0.813(0.7/0.9),0.5,6,2.1,1.4,0.3,0.2,0.7,-7.14
363  29,,James Wiseman,C,IND,40,15,0.611(2.6/4.3),0.708(1.0/1.4),0,6.3,4.7,0.8,0.2,0.5,0.9,-7.15
364  25,,Brandon Boston Jr,"SF,PF",FA,37,17.2,0.426(3.0/7.0),0.765(1.2/1.5),0.8,8,2.4,1.4,0.8,0.2,1,-7.22
365  38,,Craig Porter Jr.,"PG,SG",CLE,51,11.4,0.510(1.9/3.7),0.724(0.6/0.9),0.3,4.7,1.7,1.9,0.4,0.3,0.8,-7.25
366  23,,GG Jackson II,"SF,PF",MEM,42,18.8,0.414(3.5/8.6),0.747(1.6/2.2),1.5,10.2,3.2,1,0.5,0.3,1.1,-7.32
367  39,,Maxi Kleber,"PF,C",LAL,54,17,0.413(1.1/2.8),0.727(0.6/0.8),0.5,3.4,2.7,1.3,0.3,0.5,0.6,-7.36
368  22,,Delon Wright,"PG,SG",FA,43,15.8,0.373(1.4/3.7),0.741(0.6/0.8),0.5,3.9,1.8,2.3,1,0.3,0.4,-7.36
369  38,,Caleb Martin,"SF,PF",DAL,50,16,0.429(2.0/4.7),0.701(0.8/1.1),0.6,5.4,2.5,1.3,0.5,0.3,0.7,-7.37
370  22,,Keon Johnson,"PG,SG",BKN,42,16.8,0.389(2.7/6.8),0.783(1.0/1.3),1.1,7.4,2.6,1.5,0.7,0.3,1,-7.41
371  40,,Dalen Terry,"SG,SF",CHI,65,14.2,0.447(1.6/3.7),0.667(0.6/1.0),0.5,4.4,2,1.5,0.6,0.3,0.7,-7.43
372  22,,Grant Williams,"PF,C",CHA,46,16.9,0.454(2.2/4.8),0.776(0.9/1.2),1,6.2,2.6,1.4,0.4,0.3,0.9,-7.45
R#,ADP,PLAYER,POS,TEAM,GP,MPG,FG%,FT%,3PM,PTS,TREB,AST,STL,BLK,TO,TOTAL
373  66,132.9,Malik Beasley,"SG,SF",FA,10,22.6,0.436(3.4/7.9),0.675(0.5/0.8),2.4,9.8,2.2,1.1,0.6,0.1,0.6,-7.46
374  22,,Ajay Mitchell,"PG,SG",OKC,44,15,0.495(2.3/4.7),0.831(0.7/0.9),0.6,5.9,1.7,1.6,0.6,0.1,0.7,-7.52
375  66,,Zavier Simpson,PG,FA,7,23.1,0.315(2.5/7.8),0.741(0.4/0.6),0.7,6.1,2.9,3.6,1,0.4,1.5,-7.55
376  41,,Tidjane Salaun,PF,CHA,52,18,0.371(1.9/5.0),0.730(1.0/1.4),0.9,5.6,4.1,1.1,0.4,0.2,0.9,-7.58
377  41,,Josh Okogie,"SG,SF",HOU,50,10.8,0.431(1.2/2.9),0.744(1.0/1.3),0.4,3.9,1.8,0.7,0.7,0.3,0.5,-7.62
378  22,,Jeff Dowtin Jr.,"PG,SG",FA,26,13.5,0.497(2.4/4.8),0.727(0.6/0.9),0.7,6,1.4,1.9,0.6,0.2,0.4,-7.63
379  65,,Jared Rhoden,"SG,SF",FA,15,15.3,0.490(2.5/5.0),0.824(0.9/1.1),0.8,6.6,2.5,1,0.4,0.5,0.5,-7.67
380  43,,Shake Milton,"PG,SG",FA,52,13.4,0.431(1.9/4.3),0.806(0.8/1.0),0.5,5.1,1.7,1.6,0.4,0.1,0.7,-7.79
381  44,137.6,Dalton Knecht,"SG,SF",LAL,68,13.2,0.461(2.3/5.0),0.760(0.6/0.8),1.1,6.3,1.9,0.6,0.2,0.1,0.3,-7.81
382  45,,Jaden Hardy,"PG,SG",DAL,60,14,0.420(2.8/6.7),0.736(0.9/1.2),1.2,7.7,1.6,1.4,0.4,0.1,1.1,-7.82
383  19,,Tyrese Martin,"PG,SG,SF",BKN,45,17.4,0.407(2.5/6.2),0.782(0.6/0.8),1.3,7,2.9,1.6,0.5,0.1,1,-7.88
384  18,,Bones Hyland,PG,MIN,30,12.3,0.391(2.3/5.9),0.833(0.7/0.8),1.2,6.5,1.3,2,0.7,0.1,1.1,-7.91
R#,ADP,PLAYER,POS,TEAM,GP,MPG,FG%,FT%,3PM,PTS,TREB,AST,STL,BLK,TO,TOTAL
385  18,,Evan Fournier,"SG,SF",FA,32,18.1,0.357(2.5/7.0),0.798(0.9/1.1),1,6.9,1.8,1.5,0.9,0.2,0.7,-7.93
386  15,,Trey Jemison,"PF,C",LAL,31,16.6,0.552(2.0/3.6),0.584(0.6/1.0),0,4.6,4.2,0.8,0.4,0.8,1,-7.96
387  15,,Markelle Fultz,"PG,SG",FA,32,15,0.463(2.5/5.4),0.702(0.3/0.5),0.1,5.5,2.2,2,0.7,0.2,0.9,-8.02
388  14,,Bruno Fernando,C,FA,31,11.9,0.573(2.0/3.4),0.675(1.0/1.5),0,4.9,3.5,0.9,0.4,0.5,0.8,-8.05
389  14,,Maxime Raynaud,C,SAC,40,14.4,0.464(2.4/5.2),0.768(1.1/1.4),0.6,6.5,3.4,0.6,0.3,0.5,0.8,-8.05
390  14,,Cam Reddish,"SG,SF",FA,40,19.2,0.394(1.6/4.0),0.707(0.7/1.0),0.6,4.5,2,0.9,1,0.3,0.5,-8.12
391  49,,Noa Essengue,PF,CHI,68,15.8,0.475(1.8/3.7),0.711(1.8/2.5),0.3,5.6,2.6,0.6,0.5,0.3,0.6,-8.12
392  15,,Collin Gillespie,PG,PHO,30,11.7,0.440(1.7/3.9),0.780(0.5/0.6),0.9,4.8,1.7,1.8,0.6,0.1,0.5,-8.13
393  49,,Jae'Sean Tate,"SF,PF",HOU,55,12,0.472(1.3/2.8),0.672(0.4/0.6),0.3,3.4,2.4,0.8,0.5,0.2,0.4,-8.14
394  16,,Jock Landale,C,MEM,49,12.5,0.522(1.9/3.6),0.752(0.8/1.1),0.2,4.7,3.1,1,0.3,0.4,0.5,-8.15
395  66,,Derrick Rose,PG,FA,24,16.6,0.460(3.2/6.9),0.894(1.0/1.1),0.6,8,1.9,3.3,0.3,0.1,1.3,-8.17
396  51,,Pat Connaughton,"SG,SF",CHA,58,12.4,0.448(1.3/2.9),0.755(0.4/0.5),0.6,3.5,1.9,1.3,0.3,0.2,0.4,-8.2
R#,ADP,PLAYER,POS,TEAM,GP,MPG,FG%,FT%,3PM,PTS,TREB,AST,STL,BLK,TO,TOTAL
397  18,,Marcus Morris Sr.,"PF,C",FA,49,16.7,0.440(2.4/5.5),0.813(0.7/0.9),1,6.5,2.8,0.7,0.3,0.3,0.6,-8.21
398  52,,Julian Phillips,"SF,PF",CHI,58,12.4,0.441(1.4/3.2),0.768(0.6/0.8),0.5,3.9,1.8,0.5,0.4,0.2,0.3,-8.23
399  52,,Ricky Council IV,"SG,SF",FA,52,13.1,0.402(2.0/5.0),0.782(1.5/1.9),0.6,6.1,2.2,1,0.3,0.1,0.5,-8.23
400  19,118.9,Jared Butler,"PG,SG",PHO,40,10.8,0.460(2.0/4.4),0.837(0.7/0.9),0.6,5.4,1.1,2.4,0.5,0.1,0.9,-8.28
401  56,,Blake Wesley,"PG,SG",POR,59,13.1,0.456(1.6/3.4),0.644(0.8/1.2),0.3,4.1,1.3,2.4,0.6,0.1,0.9,-8.29
402  58,,AJ Johnson,"PG,SG",WAS,50,16,0.386(2.1/5.4),0.862(0.8/0.9),0.6,5.6,1.5,1.9,0.3,0.1,0.9,-8.32
403  18,,Nikola Topic,PG,OKC,40,15.4,0.460(2.6/5.7),0.828(1.3/1.6),0.5,7,1.5,1.8,0.4,0.1,0.7,-8.32
404  58,,Devin Carter,PG,SAC,60,15,0.370(1.8/4.9),0.589(1.0/1.7),0.7,5.3,2.9,1.6,0.8,0.2,0.7,-8.35
405  17,,Jaylen Clark,"SG,SF",MIN,40,13.1,0.467(1.4/3.0),0.787(0.7/0.9),0.6,4.1,1.3,0.7,0.9,0.1,0.2,-8.37
406  17,,Lamar Stevens,"SF,PF",FA,27,11.9,0.451(2.3/5.1),0.771(0.8/1.1),0.4,5.8,2.8,0.6,0.5,0.4,0.6,-8.38
407  71,,Oscar Tshiebwe,"PF,C",FA,11,11.7,0.578(2.1/3.6),0.742(1.2/1.6),0,5.3,5.5,0.4,0.6,0.1,0.4,-8.4
408  16,,Landry Shamet,"SG,SF",NY,40,15.5,0.445(2.4/5.3),0.791(0.5/0.7),1.2,6.5,1.3,0.9,0.5,0.1,0.6,-8.42
R#,ADP,PLAYER,POS,TEAM,GP,MPG,FG%,FT%,3PM,PTS,TREB,AST,STL,BLK,TO,TOTAL
409  55,,Drake Powell,SG,BKN,52,17.5,0.479(1.4/2.9),0.597(0.5/0.8),0.5,3.8,1.7,0.6,0.4,0.4,0.4,-8.43
410  17,,Eric Gordon,"SG,SF",PHI,30,14.5,0.440(2.0/4.5),0.774(0.5/0.6),1.1,5.6,0.9,1.1,0.5,0.2,0.6,-8.5
411  16,,Monte Morris,PG,PHO,40,13.6,0.416(1.9/4.6),0.800(0.6/0.8),0.8,5.2,1.6,1.9,0.5,0.2,0.4,-8.52
412  58,,Kris Murray,"SF,PF",POR,65,14.4,0.407(1.6/3.9),0.551(0.4/0.7),0.5,4,2.5,0.9,0.5,0.2,0.6,-8.55
413  13,,PJ Hall,C,MEM,25,8,0.584(1.7/2.9),0.755(0.4/0.5),0.2,4,2.7,0.5,0,0.5,0.2,-8.57
414  13,,Micah Potter,"PF,C",FA,27,15.1,0.435(1.3/3.0),0.813(0.4/0.5),0.7,3.7,3.5,0.6,0.3,0.3,0.6,-8.63
415  62,,Jase Richardson,SG,ORL,50,11.4,0.463(1.4/3.1),0.817(0.9/1.2),0.4,4.2,1.1,0.6,0.3,0.1,0.3,-8.68
416  67,,Dru Smith,"PG,SG",FA,11,11.9,0.460(1.3/2.9),0.800(0.4/0.5),0.7,3.7,1.5,1.1,0.9,0.3,0.7,-8.68
417  63,,Nolan Traoré,PG,BKN,62,17.5,0.410(2.5/6.1),0.706(1.4/2.0),0.7,7.1,1.1,2.7,0.4,0,1.5,-8.72
418  14,,Jae Crowder,"SF,PF",FA,29,17.3,0.414(1.7/4.1),0.741(0.4/0.6),0.9,4.7,2.5,1,0.6,0.1,0.4,-8.74
419  64,,Malaki Branham,"SG,SF",WAS,50,11,0.438(2.0/4.5),0.849(0.5/0.5),0.7,5.1,1.1,1.1,0.2,0.1,0.7,-8.75
420  68,,Alijah Martin,SG,TOR,50,11.4,0.448(1.4/3.2),0.722(0.7/0.9),0.6,4.1,1.3,0.6,0.4,0.1,0.4,-8.81
R#,ADP,PLAYER,POS,TEAM,GP,MPG,FG%,FT%,3PM,PTS,TREB,AST,STL,BLK,TO,TOTAL
421  13,,Ja'Kobe Walter,"PG,SG",TOR,40,14.2,0.405(2.1/5.1),0.796(0.9/1.1),0.8,5.8,2.1,1.1,0.6,0.1,0.7,-8.84
422  69,,De'Anthony Melton,"PG,SG",FA,22,14.5,0.389(1.9/4.8),0.810(0.8/1.0),1,5.5,1.9,1.5,0.8,0.2,0.6,-8.84
423  68,,Jett Howard,SF,ORL,60,13.7,0.371(2.0/5.3),0.653(0.3/0.5),1.1,5.3,1.4,0.9,0.3,0.2,0.7,-8.92
424  72,,Cody Williams,"SG,SF",UTA,60,19.2,0.323(1.5/4.7),0.726(0.5/0.7),0.6,4.2,2.1,1.1,0.4,0.3,0.8,-8.99
425  12,,Baylor Scheierman,SF,BOS,31,14.4,0.355(1.5/4.2),0.756(0.3/0.5),1,4.3,2.5,1.3,0.6,0.1,0.5,-9.01
426  11,,Branden Carlson,,FA,32,7.7,0.444(1.4/3.1),0.772(0.4/0.6),0.7,3.9,1.7,0.4,0.2,0.7,0.2,-9.06
427  79,,Jordan Walsh,"SG,SF",BOS,60,13.5,0.376(3.0/8.0),0.581(0.7/1.2),0.8,7.5,2.5,0.7,0.5,0.3,0.6,-9.2
428  9,,Chuma Okeke,PF,FA,28,15.5,0.396(1.5/3.8),0.600(0.2/0.3),0.9,4,3.2,0.9,0.4,0.3,0.5,-9.23
429  9,,Malachi Flynn,PG,FA,36,11.8,0.418(1.8/4.4),0.740(0.7/1.0),0.7,5.1,1.6,1.8,0.5,0.1,0.9,-9.26
430  60,,Justin Edwards,SF,PHI,20,17.6,0.456(2.4/5.3),0.692(0.5/0.7),1,6.2,2.1,1,0.6,0.2,0.7,-9.27
431  10,,Jabari Walker,"PF,C",PHI,46,12.1,0.478(1.8/3.7),0.736(0.9/1.2),0.3,4.7,3.6,0.5,0.4,0.1,0.5,-9.33
432  8,,Duop Reath,C,POR,40,10,0.451(1.8/4.0),0.768(0.5/0.7),0.7,4.9,2.1,0.6,0.3,0.3,0.4,-9.35
R#,ADP,PLAYER,POS,TEAM,GP,MPG,FG%,FT%,3PM,PTS,TREB,AST,STL,BLK,TO,TOTAL
433  7,,Danny Wolf,PF,BKN,45,15.4,0.477(1.9/4.0),0.584(0.8/1.4),0.4,5,3.7,1.4,0.3,0.5,1.2,-9.38
434  85,,Anthony Gill,PF,FA,50,8.6,0.478(1.2/2.5),0.721(0.6/0.9),0.2,3.2,1.6,0.5,0.2,0.1,0.3,-9.47
435  7,,Gui Santos,"SF,PF",GS,39,11,0.469(1.3/2.7),0.754(0.5/0.7),0.5,3.6,2.6,1.1,0.3,0.1,0.6,-9.48
436  7,,David Roddy,SF,FA,49,15.3,0.415(2.2/5.2),0.707(0.7/0.9),0.7,5.6,2.9,1.1,0.4,0.2,0.8,-9.48
437  7,,Johni Broome,C,PHI,30,12.4,0.493(2.2/4.5),0.587(1.0/1.7),0.2,5.7,3.3,0.9,0.3,0.6,0.5,-9.51
438  7,,Thomas Sorber,C,OKC,40,10.4,0.515(1.4/2.7),0.712(0.8/1.1),0.1,3.6,2.1,0.6,0.4,0.5,0.6,-9.54
439  7,,Jericho Sims,C,FA,49,12.5,0.656(0.9/1.3),0.658(0.3/0.4),0,2,3.6,0.6,0.2,0.4,0.5,-9.56
440  7,,Lindy Waters III,"SG,SF",FA,45,11.2,0.401(1.5/3.8),0.786(0.1/0.1),1.1,4.2,1.6,0.8,0.3,0.2,0.3,-9.6
441  7,,Bojan Bogdanovic,"SF,PF",FA,30,13.9,0.453(2.5/5.6),0.787(1.0/1.2),1.1,7.1,1.3,0.8,0.3,0,0.8,-9.61
442  7,,Oshae Brissett,"SF,PF",FA,30,17.6,0.452(2.0/4.4),0.596(1.3/2.2),0.5,5.8,4.2,1.1,0.5,0.3,0.6,-9.65
443  7,,Kessler Edwards,"PF,C",FA,47,10.1,0.466(1.2/2.5),0.800(0.2/0.3),0.5,3,1.8,0.7,0.3,0.3,0.2,-9.66
444  61,,Trevelin Queen,"SG,SF",FA,22,12.8,0.378(1.5/4.0),0.819(0.6/0.7),0.5,4.2,1.6,1.2,0.8,0.3,0.6,-9.67
R#,ADP,PLAYER,POS,TEAM,GP,MPG,FG%,FT%,3PM,PTS,TREB,AST,STL,BLK,TO,TOTAL
445  7,,Christian Koloko,C,FA,37,9.2,0.606(1.1/1.8),0.711(0.3/0.4),0,2.5,2.5,0.4,0.2,0.4,0.3,-9.69
446  5,,Ousmane Dieng,"PF,C",OKC,30,11,0.428(1.5/3.5),0.783(0.4/0.5),0.6,4,1.9,1,0.4,0.2,0.5,-9.75
447  3,,Kyle Lowry,PG,PHI,40,10.4,0.412(0.9/2.2),0.833(0.4/0.5),0.6,2.8,1.2,1.6,0.4,0.1,0.5,-9.78
448  58,,Kevin Love,"PF,C",UTA,20,10.4,0.421(1.8/4.2),0.769(0.9/1.2),1,5.4,3.9,1.2,0.3,0.1,0.6,-9.81
449  4,,Jamal Cain,"SG,SF",FA,31,11.8,0.431(1.6/3.7),0.711(0.8/1.1),0.6,4.6,1.9,0.5,0.5,0.2,0.5,-9.81
450  1,,Svi Mykhailiuk,SF,UTA,30,12,0.400(1.8/4.5),0.778(0.4/0.5),1.2,5.1,1.5,1.2,0.3,0.1,0.7,-9.87
451  2,,Caleb Houstan,"SG,SF",ATL,40,13.7,0.404(1.4/3.4),0.838(0.3/0.4),1.2,4.3,1.4,0.6,0.3,0.1,0.3,-9.88
452  2,,Asa Newell,PF,ATL,40,11.4,0.510(1.6/3.1),0.758(0.9/1.2),0.2,4.4,2,0.3,0.3,0.3,0.3,-9.89
453  2,,Micah Peavy,SG,NO,40,12.4,0.476(1.7/3.5),0.676(0.5/0.7),0.4,4.2,1.4,0.9,0.6,0.1,0.6,-9.93
454  2,,Patty Mills,PG,FA,30,12,0.361(1.4/3.7),0.976(0.4/0.4),0.8,3.9,0.9,1,0.5,0.1,0.5,-9.93
455  3,,Jaden Springer,SG,NO,46,9.4,0.394(1.0/2.6),0.770(0.7/0.9),0.2,3,1.5,0.8,0.7,0.2,0.5,-9.95
456  3,,Nick Smith Jr.,"PG,SG",CHA,40,14.6,0.391(2.4/6.0),0.907(0.4/0.4),1.2,6.3,1.4,1.4,0.2,0.1,0.9,-9.96
R#,ADP,PLAYER,POS,TEAM,GP,MPG,FG%,FT%,3PM,PTS,TREB,AST,STL,BLK,TO,TOTAL
457  60,,Elfrid Payton,"PG,SG",FA,20,13.3,0.325(1.1/3.4),0.579(0.1/0.2),0,2.4,2.2,4.6,0.7,0.3,1.6,-9.96
458  3,,Alex Len,C,FA,46,8.8,0.568(0.9/1.6),0.545(0.3/0.6),0,2.1,2.4,1,0.2,0.6,0.5,-9.99
459  57,,Killian Hayes,PG,FA,20,15.5,0.414(1.7/4.1),0.701(0.5/0.8),0.4,4.3,1.7,2.9,0.5,0.3,0.7,-10.09
460  3,,A.J. Lawson,"SG,SF",FA,34,13.1,0.430(2.2/5.2),0.671(1.0/1.4),0.8,6.2,2.3,0.9,0.4,0.2,0.5,-10.11
461  4,,Cory Joseph,PG,FA,38,11.8,0.392(1.1/2.9),0.727(0.2/0.3),0.7,3.2,1.4,1.5,0.4,0.1,0.4,-10.2
462  57,,Leonard Miller,PF,MIN,15,6.8,0.542(1.6/2.9),0.902(0.7/0.8),0.2,4,2.5,0.7,0.3,0.2,0.3,-10.23
463  4,,JT Thor,PF,FA,41,12.4,0.435(1.3/2.9),0.627(0.3/0.5),0.4,3.3,2.4,0.4,0.2,0.4,0.3,-10.24
464  8,,Lester Quinones,"SG,SF",FA,25,12.4,0.398(1.9/4.8),0.736(0.7/0.9),1,5.4,2,1.3,0.2,0.1,0.7,-10.31
465  56,,Marcus Bagley,,FA,10,12.3,0.390(1.3/3.3),0.792(0.4/0.5),0.2,3.2,3.4,0.5,0.4,0.6,0.3,-10.32
466  56,,Keion Brooks Jr.,,FA,14,11.7,0.466(2.0/4.3),0.737(0.9/1.2),0.6,5.5,2.3,0.5,0.4,0.4,0.5,-10.34
467  7,,Patrick Baldwin Jr.,PF,LAC,31,8.7,0.410(1.1/2.8),0.660(0.3/0.5),0.6,3.2,2.2,0.5,0.3,0.3,0.4,-10.38
468  7,,Taj Gibson,"PF,C",FA,28,10.6,0.470(1.1/2.3),0.632(0.2/0.4),0.1,2.5,2.7,0.6,0.2,0.4,0.5,-10.38
R#,ADP,PLAYER,POS,TEAM,GP,MPG,FG%,FT%,3PM,PTS,TREB,AST,STL,BLK,TO,TOTAL
469  7,,Dwight Powell,C,DAL,40,8.6,0.676(0.7/1.1),0.687(0.6/0.8),0,2,2.1,0.9,0.3,0.3,0.3,-10.41
470  58,,Cam Spencer,SG,MEM,10,10.1,0.413(1.4/3.3),1.000(0.8/0.8),0.8,4.3,1.2,1.4,0.4,0,0.2,-10.43
471  11,,Zeke Nnaji,"PF,C",DEN,30,8.3,0.481(1.0/2.1),0.653(0.5/0.8),0.2,2.6,1.5,0.4,0.3,0.5,0.3,-10.5
472  58,,Dario Saric,C,SAC,20,10.2,0.453(1.6/3.5),0.840(0.7/0.8),0.6,4.5,2.6,1.3,0.3,0.1,0.7,-10.52
473  11,,Kenyon Martin Jr.,"SF,PF",UTA,30,10.8,0.546(1.4/2.5),0.672(0.4/0.6),0.2,3.3,1.7,0.7,0.3,0.2,0.4,-10.53
474  13,,Jaylon Tyson,SF,CLE,47,9.6,0.429(1.4/3.2),0.804(0.4/0.5),0.4,3.6,2.1,0.9,0.3,0.1,0.6,-10.56
475  59,,P.J. Tucker,PF,FA,17,17.5,0.368(0.7/1.9),1.000(0.1/0.1),0.5,2,3,0.5,0.6,0.3,0.3,-10.58
476  13,,Kobe Bufkin,"PG,SG",ATL,30,11.9,0.375(2.0/5.2),0.653(0.6/1.0),0.5,5,2,1.7,0.4,0.3,0.7,-10.64
477  15,,Wendell Moore Jr.,SF,FA,30,8.4,0.474(1.0/2.1),0.818(0.3/0.3),0.2,2.5,1.6,0.7,0.4,0.1,0.5,-10.71
478  15,,Ariel Hukporti,C,NY,25,8.7,0.680(0.9/1.3),0.453(0.2/0.5),0,1.9,2.1,0.4,0,0.6,0.9,-10.73
479  16,,Doug McDermott,"SF,PF",SAC,30,11.1,0.432(1.6/3.6),0.591(0.1/0.2),1.2,4.5,0.7,0.7,0.2,0,0.3,-10.76
480  17,,Yanic Konan Niederhauser,C,LAC,30,8.4,0.535(1.2/2.3),0.664(0.8/1.1),0,3.2,1.6,0.2,0.2,0.6,0.4,-10.79
R#,ADP,PLAYER,POS,TEAM,GP,MPG,FG%,FT%,3PM,PTS,TREB,AST,STL,BLK,TO,TOTAL
481  59,,Kevin Knox II,"SF,PF",FA,22,12,0.469(2.0/4.2),0.875(0.5/0.6),0.7,5.1,1.7,0.5,0.3,0.2,0.5,-10.89
482  19,,Liam McNeeley,SF,CHA,40,12.4,0.383(1.3/3.3),0.850(1.2/1.4),0.5,4.2,1.7,0.7,0.2,0.1,0.6,-10.91
483  19,,Pelle Larsson,"SG,SF",MIA,40,10.2,0.438(1.2/2.7),0.675(0.5/0.8),0.4,3.3,1.2,0.9,0.4,0.1,0.3,-10.95
484  21,,Noah Penda,SF,ORL,44,10.4,0.429(1.0/2.3),0.670(0.6/0.9),0.3,2.9,1.6,0.8,0.3,0.3,0.5,-11.03
485  24,,Rayan Rupert,"PG,SG",POR,45,12.5,0.369(1.3/3.5),0.766(0.5/0.6),0.5,3.6,1.9,1,0.3,0.1,0.7,-11.09
486  24,,Isaac Jones,"PF,C",SAC,40,7.6,0.648(1.4/2.1),0.637(0.6/0.9),0.1,3.4,1.4,0.3,0.1,0.3,0.4,-11.1
487  26,133.1,Bronny James,"PG,SG",LAL,30,9.7,0.315(1.1/3.6),0.776(0.6/0.8),0.5,3.4,1,1.2,0.5,0.2,0.7,-11.22
488  26,,Chris Duarte,SG,FA,38,8.3,0.390(1.0/2.5),0.791(0.3/0.4),0.5,2.8,1.3,0.6,0.3,0.1,0.3,-11.22
489  52,,Brandon Williams,PG,DAL,20,8.7,0.489(1.7/3.5),0.795(1.0/1.2),0.4,4.8,1,1.4,0.4,0.1,0.7,-11.29
490  26,,MarJon Beauchamp,"SG,SF",FA,41,8.6,0.468(1.2/2.6),0.709(0.4/0.6),0.5,3.3,1.6,0.5,0.2,0.1,0.5,-11.29
491  52,,Torrey Craig,"SF,PF",FA,10,10.9,0.428(1.2/2.8),0.718(0.3/0.4),0.7,3.3,2.3,0.6,0.3,0.3,0.3,-11.34
492  28,,Hugo González,SF,BOS,30,12.4,0.409(1.0/2.5),0.701(0.6/0.9),0.4,3,1.5,0.5,0.3,0.3,0.5,-11.37
R#,ADP,PLAYER,POS,TEAM,GP,MPG,FG%,FT%,3PM,PTS,TREB,AST,STL,BLK,TO,TOTAL
493  50,,Quenton Jackson,,IND,15,8.6,0.473(1.3/2.7),0.785(0.7/0.9),0.3,3.6,1.1,1.2,0.5,0.1,0.4,-11.4
494  48,,Jordan McLaughlin,"PG,SG",SA,20,9,0.438(0.9/2.1),0.744(0.3/0.4),0.6,2.7,1,1.6,0.5,0.1,0.3,-11.46
495  47,,RayJ Dennis,,IND,11,6.4,0.333(1.0/3.0),1.000(0.2/0.2),0.6,2.8,1.1,1.3,0.6,0.2,0.5,-11.49
496  26,,Dillon Jones,"SF,PF",WAS,30,10.2,0.382(1.0/2.5),0.615(0.3/0.5),0.3,2.5,2.3,1.1,0.3,0.1,0.5,-11.49
497  45,,Jaylen Nowell,SG,FA,10,18.7,0.398(3.0/7.5),0.697(0.7/1.0),0.7,7.3,2.2,1.8,0.3,0.3,0.7,-11.53
498  25,,Joan Beringer,C,MIN,40,8.4,0.525(0.7/1.4),0.567(0.3/0.6),0,1.8,1.6,0.2,0.2,0.5,0.2,-11.54
499  27,,Jevon Carter,"PG,SG",CHI,32,7.2,0.377(1.1/2.8),0.778(0.1/0.1),0.6,2.8,0.5,0.7,0.3,0.1,0.3,-11.62
500  27,,Johnny Davis,"SG,SF",FA,42,9.7,0.406(1.1/2.7),0.578(0.3/0.5),0.2,2.7,1.3,0.5,0.4,0.2,0.2,-11.67
501  27,,Bryce McGowens,"PG,SG",FA,36,8.7,0.430(1.0/2.4),0.773(0.7/0.9),0.3,3,1,0.5,0.2,0.1,0.3,-11.68
502  29,,Chaz Lanier,SG,DET,40,8.7,0.421(1.3/3.1),0.778(0.4/0.5),0.7,3.7,0.8,0.2,0.2,0,0.2,-11.76
503  29,,Will Riley,SF,WAS,40,10.4,0.423(1.4/3.2),0.723(0.7/1.0),0.4,3.8,1.3,0.7,0.1,0.1,0.4,-11.8
504  30,,Tristan Thompson,C,FA,44,9.7,0.545(1.2/2.1),0.272(0.3/0.9),0,2.6,3.4,0.8,0.2,0.3,0.5,-11.89
505  39,,Kylor Kelley,,FA,11,11.5,0.635(1.3/2.0),0.598(0.6/0.9),0,3.1,3.6,0.5,0.1,0.3,0.4,-11.92
506  38,,Tolu Smith,,DET,2,8.4,0.667(2.3/3.4),0.667(0.8/1.1),0,5.3,3,0,0,0,0.8,-11.95
507  38,,Daeqwon Plowden,"SF,PF",ATL,6,5.9,0.639(1.3/2.1),1.000(0.2/0.2),0.8,3.6,0.9,0.2,0,0,0.3,-11.96
508  37,,Dariq Whitehead,"SG,SF",BKN,11,12.1,0.396(1.8/4.6),0.563(0.2/0.3),1.5,5.3,1.5,0.7,0.3,0.1,0.7,-11.98
509  36,,Colin Castleton,"PF,C",FA,21,10.2,0.481(1.2/2.4),0.793(0.7/0.9),0,3.1,2.8,0.7,0.2,0.2,0.6,-12.08
510  32,,Colby Jones,"SG,SF",DET,10,9.8,0.436(1.2/2.8),0.641(0.4/0.6),0.3,3.1,1.8,0.9,0.5,0.3,0.5,-12.16
511  32,,Nae'Qwan Tomlin,,CLE,5,12.7,0.406(2.6/6.5),0.726(1.6/2.2),0.4,7.3,4.3,0.4,0,0.2,0.4,-12.18
512  31,,Dominick Barlow,"PF,C",PHI,20,8.7,0.512(1.3/2.5),0.663(0.6/0.8),0.1,3.2,2.2,0.6,0.2,0.3,0.2,-12.22
513  26,,Kobe Brown,"PF,C",LAC,30,5.9,0.434(0.6/1.5),0.625(0.1/0.1),0.2,1.5,1.1,0.4,0.2,0.1,0.2,-12.22
514  26,,Maxwell Lewis,"SG,SF",BKN,31,7.4,0.379(0.9/2.2),0.696(0.2/0.2),0.4,2.2,1,0.4,0.2,0.1,0.4,-12.24
515  30,,Reece Beekman,PG,BKN,16,11,0.328(0.8/2.5),0.760(0.4/0.5),0.2,2.2,0.9,1.5,0.8,0.1,0.5,-12.3
516  30,,Garrett Temple,"PG,SG",TOR,20,9.4,0.343(0.9/2.5),0.841(0.5/0.6),0.3,2.6,1.4,1.1,0.5,0.1,0.4,-12.31
517  25,,Hunter Tyson,"SF,PF",DEN,30,5.3,0.377(0.6/1.7),0.758(0.3/0.3),0.3,1.8,1,0.3,0.1,0.1,0.2,-12.43
518  25,,Olivier-Maxence Prosper,"PF,C",DAL,40,6.8,0.394(0.8/2.1),0.655(0.6/0.9),0.2,2.4,1.5,0.5,0.3,0.1,0.2,-12.46
519  29,,Tosan Evbuomwan,"SF,PF",BKN,22,10.4,0.446(1.3/3.0),0.730(0.7/1.0),0.4,3.8,1.8,0.7,0.3,0.2,0.5,-12.48
520  26,,Jalen Pickett,"PG,SG",DEN,20,9.1,0.426(1.1/2.5),0.714(0.1/0.1),0.6,2.8,1,1.5,0.3,0.1,0.4,-12.55
521  23,,KJ Simpson,PG,CHA,16,10.4,0.363(1.4/3.8),0.823(0.5/0.6),0.4,3.6,1.4,1.4,0.4,0.1,0.7,-12.63
522  23,,Damion Baugh,"PG,SG",FA,15,13.7,0.322(1.4/4.3),0.878(0.4/0.5),0.4,3.6,1.6,1.8,0.5,0.1,1,-12.63
523  23,,Yuki Kawamura,,CHI,22,8.2,0.383(1.0/2.6),0.788(0.6/0.8),0.6,3.3,1.1,2,0.2,0,0.5,-12.69
524  21,,Isaiah Mobley,"SF,PF",FA,5,12.3,0.387(1.7/4.3),0.333(0.1/0.4),0.6,4,2,1.5,0.4,0.1,0.3,-12.8
525  21,,Jackson Rowe,,GS,6,8.6,0.469(1.3/2.9),0.495(0.5/1.0),0.5,3.7,1.9,0.7,0.7,0,0.2,-12.83
526  19,,Adou Thiero,SF,LAL,20,10.4,0.488(1.5/3.0),0.679(1.3/1.8),0.1,4.3,1.6,0.5,0.5,0.2,0.5,-12.88
527  19,,Antonio Reeves,"SG,SF",CHA,14,8,0.461(1.4/3.0),0.791(0.3/0.4),0.6,3.8,0.8,0.5,0.3,0.1,0.4,-12.89
528  17,,Sion James,SG,CHA,20,10.4,0.471(0.9/1.9),0.790(0.6/0.8),0.2,2.6,1.3,0.9,0.2,0.1,0.4,-12.96
529  17,,Tyler Smith,"PF,C",MIL,14,5.3,0.482(1.1/2.2),0.743(0.3/0.4),0.6,3,1.1,0.2,0.1,0.2,0.4,-13.03
530  15,,Cole Swider,PF,FA,14,10.9,0.366(1.6/4.3),0.692(0.1/0.1),1.1,4.3,1.5,0.3,0.2,0.1,0.5,-13.12
531  14,,Jeff Green,PF,HOU,20,7.1,0.468(1.0/2.1),0.811(0.6/0.7),0.4,2.9,1,0.4,0.1,0.2,0.2,-13.18
532  14,,Drew Timme,,BKN,12,10.4,0.441(1.9/4.2),0.621(0.4/0.7),0.4,4.5,2.7,0.8,0.2,0,0.6,-13.22
533  12,,Jaylen Martin,,WAS,10,7.9,0.419(1.0/2.5),0.909(0.3/0.3),0.2,2.6,1.5,0.6,0.3,0,0.4,-13.36
534  10,,Jordan Miller,SF,LAC,20,7.4,0.441(1.1/2.4),0.806(0.5/0.6),0.2,2.8,1.1,0.6,0.3,0.1,0.5,-13.54
535  10,,Tyson Etienne,,BKN,7,11.4,0.328(1.3/4.0),0.803(0.6/0.8),1,4.2,0.7,0.9,0.2,0.1,0.6,-13.55
536  7,,Jalen Hood-Schifino,"SG,SF",FA,18,13.1,0.329(1.5/4.5),0.734(0.9/1.3),0.5,4.4,1.3,1.4,0.3,0.3,0.8,-13.64
537  7,,Taze Moore,,FA,3,10,0.345(1.7/4.9),0.507(0.3/0.7),0.3,4,2.7,1,0.7,0,0.8,-13.66
538  5,,Joe Ingles,SF,MIN,20,6,0.424(0.5/1.2),0.813(0.1/0.2),0.3,1.5,0.7,1.1,0.2,0,0.4,-13.82
539  4,,Orlando Robinson,C,ORL,10,5,0.459(0.7/1.6),0.756(0.3/0.5),0.1,1.9,1.4,0.5,0.1,0.1,0.3,-13.89
540  4,,Jamaree Bouyea,PG,MIL,10,8.4,0.401(0.9/2.2),0.667(0.2/0.3),0.1,2.1,1.3,1.1,0.3,0.1,0.9,-13.96
541  4,,Ron Harper Jr.,SF,DET,8,8.3,0.126(0.4/3.3),1.000(0.8/0.8),0,1.6,2.8,1.2,0,0,0,-14.2
542  4,,DeAndre Jordan,C,DEN,10,4.7,0.637(0.7/1.0),0.451(0.2/0.5),0,1.5,1.9,0.4,0.1,0.2,0.3,-14.21
543  2,,Jacob Toppin,,ATL,13,4.3,0.454(0.5/1.2),1.000(0.1/0.1),0.2,1.4,0.8,0.3,0.1,0,0.2,-14.31
544,,James Johnson,PF,IND,10,4.1,0.337(0.4/1.0),0.667(0.1/0.2),0,0.8,0.5,0.6,0.3,0.2,0.4,-14.88
545,,Chris Livingston,SF,MIL,20,5.1,0.403(0.5/1.3),0.750(0.4/0.5),0,1.5,1.5,0.3,0.2,0,0.3,-14.9